FotMob Player ID,FotMob Team ID,Player External,Hist xG External,Hist xA External,Hist Team External,Hist Team xG External,External League,External xG Share,External xA Share
737066,8456,Erling Haaland,25.8,2.9,Manchester City,71.6,Premier League,0.3603351955307263,0.040502793296089384
1302005,9937,Igor Thiago,20.6,1.9,Brentford,60.3,Premier League,0.34162520729684914,0.03150912106135987
612150,8463,Dominic Calvert-Lewin,15.8,1.1,Leeds United,54.2,Premier League,0.2915129151291513,0.02029520295202952
540088,10252,Ollie Watkins,15.1,1.3,Aston Villa,48.2,Premier League,0.3132780082987552,0.02697095435684647
1021382,8455,João Pedro,15.0,2.0,Chelsea,66.5,Premier League,0.22556390977443608,0.03007518796992481
706297,9826,Jean-Philippe Mateta,14.5,1.3,Crystal Palace,58.2,Premier League,0.24914089347079035,0.022336769759450172
664500,9825,Viktor Gyökeres,12.4,1.9,Arsenal,65.6,Premier League,0.18902439024390247,0.028963414634146343
113836,10204,Danny Welbeck,12.4,1.4,Brighton &amp; Hove Albion,57.9,Premier League,0.2141623488773748,0.024179620034542312
923312,10260,Bryan Mbeumo,12.2,5.0,Manchester United,65.3,Premier League,0.18683001531393567,0.0765696784073507
1083796,9937,Kevin Schade,12.2,2.1,Brentford,60.3,Premier League,0.2023217247097844,0.03482587064676617
292313,9879,Raul Jiménez,11.5,0.9,Fulham,48.4,Premier League,0.23760330578512398,0.01859504132231405
1137705,8455,Enzo Fernández,11.3,7.3,Chelsea,66.5,Premier League,0.1699248120300752,0.10977443609022557
933576,8456,Antoine Semenyo,11.1,3.1,Manchester City,71.6,Premier League,0.15502793296089387,0.04329608938547486
771294,9826,Ismaïla Sarr,10.9,1.1,Crystal Palace,58.2,Premier League,0.1872852233676976,0.018900343642611686
789502,10203,Morgan Gibbs-White,10.8,2.9,Nottingham Forest,46.0,Premier League,0.23478260869565218,0.06304347826086956
422685,10260,Bruno Fernandes,10.8,12.3,Manchester United,65.3,Premier League,0.1653905053598775,0.18836140888208272
1096353,8455,Cole Palmer,10.6,2.5,Chelsea,66.5,Premier League,0.1593984962406015,0.03759398496240601
1098096,8678,Evanilson,10.6,1.5,AFC Bournemouth,61.9,Premier League,0.17124394184168013,0.024232633279483037
1197030,8650,Hugo Ekitiké,9.9,2.7,Liverpool,61.3,Premier League,0.16150081566068517,0.044045676998368685
1073977,10260,Benjamin Sesko,9.2,0.3,Manchester United,65.3,Premier League,0.14088820826952525,0.004594180704441042
789630,8678,Marcus Tavernier,9.1,4.6,AFC Bournemouth,61.9,Premier League,0.1470113085621971,0.07431340872374798
1079485,8668,Beto,8.9,0.2,Everton,46.7,Premier League,0.1905781584582441,0.004282655246252677
906937,10261,Anthony Gordon,8.8,3.4,Newcastle United,57.1,Premier League,0.15411558669001751,0.0595446584938704
806552,8650,Cody Gakpo,8.5,4.7,Liverpool,61.3,Premier League,0.13866231647634586,0.0766721044045677
1460534,8678,Junior Kroupi,8.3,1.5,AFC Bournemouth,61.9,Premier League,0.13408723747980617,0.024232633279483037
292462,8650,Mohamed Salah,8.2,5.3,Liverpool,61.3,Premier League,0.13376835236541598,0.0864600326264274
654908,8586,Richarlison,8.1,1.5,Tottenham Hotspur,40.0,Premier League,0.20249999999999999,0.0375
1398392,8668,Thierno Barry,8.1,0.5,Everton,46.7,Premier League,0.17344753747323338,0.010706638115631691
873559,8191,Zian Flemming,7.9,0.4,Burnley,32.5,Premier League,0.24307692307692308,0.012307692307692308
184321,8654,Callum Wilson,7.7,0.5,West Ham United,46.1,Premier League,0.16702819956616052,0.010845986984815618
1250253,9937,Dango Ouattara,7.7,4.2,Brentford,60.3,Premier League,0.12769485903814262,0.06965174129353234
961995,9825,Bukayo Saka,7.6,7.2,Arsenal,65.6,Premier League,0.11585365853658537,0.10975609756097562
523825,8654,Jarrod Bowen,7.3,5.2,West Ham United,46.1,Premier League,0.15835140997830802,0.11279826464208242
861197,8463,Lukas Nmecha,7.2,1.6,Leeds United,54.2,Premier League,0.13284132841328414,0.02952029520295203
760359,10261,Harvey Barnes,7.1,2.8,Newcastle United,57.1,Premier League,0.1243432574430823,0.049036777583187384
863098,10260,Matheus Cunha,7.0,3.3,Manchester United,65.3,Premier League,0.10719754977029097,0.05053598774885146
1152455,8650,Florian Wirtz,7.0,5.2,Liverpool,61.3,Premier League,0.11419249592169659,0.08482871125611746
883080,10252,Morgan Rogers,6.8,4.3,Aston Villa,48.2,Premier League,0.14107883817427386,0.0892116182572614
965764,8668,Iliman Ndiaye,6.7,4.4,Everton,46.7,Premier League,0.14346895074946467,0.09421841541755889
1106563,10261,Nick Woltemade,6.6,1.5,Newcastle United,57.1,Premier League,0.11558669001751312,0.02626970227670753
1082102,10203,Igor Jesus,6.6,1.3,Nottingham Forest,46.0,Premier League,0.14347826086956522,0.02826086956521739
1354561,10204,Diego Gómez,6.3,1.7,Brighton &amp; Hove Albion,57.9,Premier League,0.10880829015544041,0.02936096718480138
815006,8456,Phil Foden,6.2,4.8,Manchester City,71.6,Premier League,0.08659217877094973,0.0670391061452514
1300526,8456,Nico O'Reilly,6.0,2.7,Manchester City,71.6,Premier League,0.08379888268156425,0.03770949720670392
940446,8472,Brian Brobbey,5.9,0.7,Sunderland,38.9,Premier League,0.15167095115681237,0.017994858611825194
494417,9879,Harry Wilson,5.8,4.8,Fulham,48.4,Premier League,0.11983471074380166,0.09917355371900827
823658,8654,Valentín Castellanos,5.8,0.8,West Ham United,46.1,Premier League,0.12581344902386116,0.01735357917570499
674014,8678,David Brooks,5.8,3.3,AFC Bournemouth,61.9,Premier League,0.09369951534733441,0.05331179321486268
524437,8654,Tomás Soucek,5.7,0.5,West Ham United,46.1,Premier League,0.12364425162689804,0.010845986984815618
850354,10261,Bruno Guimarães,5.6,5.0,Newcastle United,57.1,Premier League,0.09807355516637477,0.08756567425569177
1070052,10260,Amad Diallo,5.6,4.8,Manchester United,65.3,Premier League,0.08575803981623277,0.07350689127105667
208494,10260,Casemiro,5.5,3.1,Manchester United,65.3,Premier League,0.08422664624808576,0.04747320061255743
318615,9825,Leandro Trossard,5.5,3.6,Arsenal,65.6,Premier League,0.08384146341463415,0.05487804878048781
1072864,8602,Tolu Arokodare,5.5,0.4,Wolverhampton Wanderers,35.5,Premier League,0.15492957746478872,0.011267605633802818
915797,8463,Noah Okafor,5.3,1.3,Leeds United,54.2,Premier League,0.09778597785977859,0.023985239852398525
821100,9826,Jørgen Strand Larsen,5.3,1.1,Crystal Palace,58.2,Premier League,0.09106529209621993,0.018900343642611686
941213,8654,Crysencio Summerville,5.2,3.4,West Ham United,46.1,Premier League,0.11279826464208242,0.0737527114967462
1049999,8472,Enzo Le Fée,5.2,5.9,Sunderland,38.9,Premier League,0.13367609254498716,0.15167095115681237
1171140,8191,Jaidon Anthony,5.1,2.9,Burnley,32.5,Premier League,0.15692307692307692,0.08923076923076922
818975,9825,Eberechi Eze,5.1,2.7,Arsenal,65.6,Premier League,0.07774390243902439,0.04115853658536586
1251334,10204,Jack Hinshelwood,4.9,2.3,Brighton &amp; Hove Albion,57.9,Premier League,0.08462867012089811,0.039723661485319514
846005,8650,Dominik Szoboszlai,4.8,6.8,Liverpool,61.3,Premier League,0.07830342577487766,0.11092985318107668
889534,9879,Emile Smith Rowe,4.8,1.1,Fulham,48.4,Premier League,0.09917355371900827,0.02272727272727273
942381,9825,Jurriën Timber,4.8,1.6,Arsenal,65.6,Premier League,0.07317073170731708,0.02439024390243903
887703,8472,Wilson Isidor,4.7,0.4,Sunderland,38.9,Premier League,0.12082262210796917,0.010282776349614397
868344,8456,Tijjani Reijnders,4.7,2.3,Manchester City,71.6,Premier League,0.06564245810055867,0.03212290502793296
1137407,10261,Malick Thiaw,4.7,1.0,Newcastle United,57.1,Premier League,0.08231173380035027,0.017513134851138354
843040,8455,Pedro Neto,4.6,6.8,Chelsea,66.5,Premier League,0.06917293233082707,0.10225563909774436
952322,8463,Brenden Aaronson,4.6,3.6,Leeds United,54.2,Premier League,0.08487084870848707,0.06642066420664207
1047676,9826,Yéremi Pino,4.5,6.1,Crystal Palace,58.2,Premier League,0.07731958762886598,0.10481099656357387
1113903,8455,Liam Delap,4.5,0.2,Chelsea,66.5,Premier League,0.06766917293233082,0.0030075187969924814
886016,8668,Kiernan Dewsbury-Hall,4.3,5.4,Everton,46.7,Premier League,0.09207708779443254,0.11563169164882227
1258092,10261,William Osula,4.3,0.6,Newcastle United,57.1,Premier League,0.07530647985989491,0.010507880910683012
169719,10203,Chris Wood,4.2,0.3,Nottingham Forest,46.0,Premier League,0.09130434782608696,0.006521739130434782
660301,10252,Donyell Malen,4.1,0.3,Aston Villa,48.2,Premier League,0.0850622406639004,0.006224066390041493
1104053,8456,Rayan Cherki,4.1,8.7,Manchester City,71.6,Premier League,0.05726256983240224,0.12150837988826815
862608,10204,Kaoru Mitoma,4.1,2.8,Brighton &amp; Hove Albion,57.9,Premier League,0.07081174438687392,0.048359240069084625
844425,8456,Marc Guéhi,4.1,2.3,Manchester City,71.6,Premier League,0.05726256983240224,0.03212290502793296
1021586,9825,Gabriel Martinelli,4.0,1.3,Arsenal,65.6,Premier League,0.06097560975609757,0.01981707317073171
831489,8650,Alexis Mac Allister,3.9,1.7,Liverpool,61.3,Premier League,0.0636215334420881,0.02773246329526917
209405,8650,Virgil van Dijk,3.8,1.3,Liverpool,61.3,Premier League,0.06199021207177814,0.021207177814029365
1233655,8678,Alex Scott,3.8,3.0,AFC Bournemouth,61.9,Premier League,0.061389337641357025,0.048465266558966075
1400227,10204,Yankuba Minteh,3.8,5.1,Brighton &amp; Hove Albion,57.9,Premier League,0.06563039723661485,0.08808290155440414
643717,10203,Taiwo Awoniyi,3.6,0.8,Nottingham Forest,46.0,Premier League,0.0782608695652174,0.017391304347826087
1203665,8455,Alejandro Garnacho,3.5,3.7,Chelsea,66.5,Premier League,0.05263157894736842,0.055639097744360905
610184,10252,Emiliano Buendía,3.4,2.3,Aston Villa,48.2,Premier League,0.07053941908713693,0.04771784232365144
574645,9825,Mikel Merino,3.4,1.5,Arsenal,65.6,Premier League,0.05182926829268293,0.02286585365853659
1285866,8472,Habib Diarra,3.4,0.8,Sunderland,38.9,Premier League,0.08740359897172237,0.020565552699228794
974618,10204,Jan Paul van Hecke,3.3,1.6,Brighton &amp; Hove Albion,57.9,Premier League,0.05699481865284974,0.02763385146804836
749736,9825,Kai Havertz,3.3,0.7,Arsenal,65.6,Premier League,0.05030487804878049,0.010670731707317074
1023030,8602,Jhon Arias,3.3,0.6,Wolverhampton Wanderers,35.5,Premier League,0.09295774647887324,0.016901408450704224
1105912,9825,Riccardo Calafiori,3.3,0.8,Arsenal,65.6,Premier League,0.05030487804878049,0.012195121951219514
1128945,9879,Rodrigo Muniz,3.3,0.1,Fulham,48.4,Premier League,0.06818181818181818,0.002066115702479339
654096,9825,Declan Rice,3.2,7.0,Arsenal,65.6,Premier League,0.04878048780487806,0.10670731707317074
881500,8191,Lyle Foster,3.2,0.5,Burnley,32.5,Premier League,0.09846153846153846,0.015384615384615385
521148,10261,Jacob Murphy,3.1,2.7,Newcastle United,57.1,Premier League,0.0542907180385289,0.047285464098073555
1173787,8586,Xavi Simons,3.1,3.9,Tottenham Hotspur,40.0,Premier League,0.0775,0.0975
666857,10261,Yoane Wissa,3.1,0.6,Newcastle United,57.1,Premier League,0.0542907180385289,0.010507880910683012
919435,9937,Sepp van den Berg,3.1,1.5,Brentford,60.3,Premier League,0.05140961857379768,0.024875621890547265
356406,10252,John McGinn,3.0,4.0,Aston Villa,48.2,Premier League,0.06224066390041493,0.08298755186721991
956925,10204,Georginio Rutter,3.0,2.9,Brighton &amp; Hove Albion,57.9,Premier League,0.05181347150259068,0.05008635578583765
1010426,9937,Keane Lewis-Potter,3.0,2.5,Brentford,60.3,Premier League,0.04975124378109453,0.04145936981757877
950830,10260,Joshua Zirkzee,3.0,0.4,Manchester United,65.3,Premier League,0.045941807044410414,0.006125574272588055
796974,8463,Pascal Struijk,3.0,0.8,Leeds United,54.2,Premier League,0.055350553505535055,0.014760147601476014
881735,8463,Anton Stach,2.9,4.5,Leeds United,54.2,Premier League,0.05350553505535055,0.08302583025830258
1031325,9825,Martín Zubimendi,2.9,2.3,Arsenal,65.6,Premier League,0.044207317073170736,0.0350609756097561
1478295,8678,Rayan,2.9,1.8,AFC Bournemouth,61.9,Premier League,0.046849757673667204,0.029079159935379646
1089691,10203,Elliot Anderson,2.9,4.8,Nottingham Forest,46.0,Premier League,0.06304347826086956,0.10434782608695652
795179,9825,Gabriel,2.9,1.8,Arsenal,65.6,Premier League,0.044207317073170736,0.027439024390243906
1580774,8455,Estêvão,2.9,2.2,Chelsea,66.5,Premier League,0.04360902255639098,0.0330827067669173
766435,8654,Lucas Paquetá,2.8,2.1,West Ham United,46.1,Premier League,0.06073752711496746,0.0455531453362256
846383,10203,Callum Hudson-Odoi,2.8,3.0,Nottingham Forest,46.0,Premier League,0.0608695652173913,0.06521739130434782
933768,8650,Curtis Jones,2.8,2.8,Liverpool,61.3,Premier League,0.045676998368678626,0.045676998368678626
942368,8456,Jérémy Doku,2.7,6.2,Manchester City,71.6,Premier League,0.03770949720670392,0.08659217877094973
524434,8586,João Palhinha,2.7,0.7,Tottenham Hotspur,40.0,Premier League,0.0675,0.017499999999999998
690107,8650,Alexander Isak,2.7,0.1,Liverpool,61.3,Premier League,0.044045676998368685,0.0016313213703099511
576165,9825,Gabriel Jesus,2.7,0.3,Arsenal,65.6,Premier League,0.04115853658536586,0.004573170731707318
839204,8456,Omar Marmoush,2.7,0.8,Manchester City,71.6,Premier League,0.03770949720670392,0.011173184357541902
1168311,10204,Yasin Ayari,2.7,1.1,Brighton &amp; Hove Albion,57.9,Premier League,0.04663212435233161,0.018998272884283247
519835,8602,Adam Armstrong,2.7,0.9,Wolverhampton Wanderers,35.5,Premier League,0.07605633802816902,0.02535211267605634
243138,8668,James Tarkowski,2.7,2.1,Everton,46.7,Premier League,0.057815845824411134,0.044967880085653104
888912,9937,Mikkel Damsgaard,2.6,5.4,Brentford,60.3,Premier League,0.04311774461028193,0.08955223880597016
1079557,8678,Amine Adli,2.6,1.6,AFC Bournemouth,61.9,Premier League,0.0420032310177706,0.025848142164781908
719219,8654,Konstantinos Mavropanos,2.6,0.7,West Ham United,46.1,Premier League,0.05639913232104121,0.015184381778741865
488139,8456,Bernardo Silva,2.6,4.1,Manchester City,71.6,Premier League,0.036312849162011177,0.05726256983240224
1336751,9826,Justin Devenny,2.6,0.4,Crystal Palace,58.2,Premier League,0.044673539518900345,0.006872852233676976
1097466,8586,Micky van de Ven,2.5,0.4,Tottenham Hotspur,40.0,Premier League,0.0625,0.01
1200631,8191,Lesley Ugochukwu,2.5,0.4,Burnley,32.5,Premier League,0.07692307692307693,0.012307692307692308
974268,8472,Daniel Ballard,2.5,0.7,Sunderland,38.9,Premier League,0.06426735218508997,0.017994858611825194
780432,8463,Ethan Ampadu,2.5,2.3,Leeds United,54.2,Premier League,0.046125461254612546,0.04243542435424354
1422593,9879,Joshua King,2.5,0.7,Fulham,48.4,Premier League,0.05165289256198347,0.01446280991735537
1200657,8602,Yerson Mosquera,2.5,0.7,Wolverhampton Wanderers,35.5,Premier League,0.07042253521126761,0.019718309859154928
859282,9826,Daniel Muñoz,2.4,4.0,Crystal Palace,58.2,Premier League,0.041237113402061855,0.06872852233676975
1288111,8586,Mathys Tel,2.4,2.4,Tottenham Hotspur,40.0,Premier League,0.06,0.06
1526560,10260,Patrick Dorgu,2.4,1.9,Manchester United,65.3,Premier League,0.036753445635528334,0.02909647779479326
591734,8586,Dominic Solanke,2.4,0.4,Tottenham Hotspur,40.0,Premier League,0.06,0.01
1076756,9826,Brennan Johnson,2.4,1.3,Crystal Palace,58.2,Premier League,0.041237113402061855,0.022336769759450172
620026,8602,Hee-Chan Hwang,2.4,1.6,Wolverhampton Wanderers,35.5,Premier League,0.0676056338028169,0.04507042253521127
535936,10261,Joelinton,2.4,1.3,Newcastle United,57.1,Premier League,0.04203152364273205,0.02276707530647986
1070712,8456,Josko Gvardiol,2.4,0.7,Manchester City,71.6,Premier League,0.0335195530726257,0.009776536312849162
950829,9826,Chris Richards,2.4,1.4,Crystal Palace,58.2,Premier League,0.041237113402061855,0.024054982817869414
950485,9826,Maxence Lacroix,2.4,0.9,Crystal Palace,58.2,Premier League,0.041237113402061855,0.015463917525773195
650616,9937,Mathias Jensen,2.3,6.0,Brentford,60.3,Premier League,0.03814262023217247,0.09950248756218906
290410,8668,Michael Keane,2.3,0.5,Everton,46.7,Premier League,0.04925053533190577,0.010706638115631691
848034,8602,Santiago Bueno,2.3,1.5,Wolverhampton Wanderers,35.5,Premier League,0.0647887323943662,0.04225352112676056
794253,8678,Justin Kluivert,2.3,1.5,AFC Bournemouth,61.9,Premier League,0.03715670436187399,0.024232633279483037
873289,8455,Marc Cucurella,2.3,3.2,Chelsea,66.5,Premier League,0.03458646616541353,0.0481203007518797
961306,9937,Nathan Collins,2.3,1.6,Brentford,60.3,Premier League,0.03814262023217247,0.02653399668325042
556972,9879,Sasa Lukic,2.3,1.9,Fulham,48.4,Premier League,0.04752066115702479,0.03925619834710744
1174337,8456,Savinho,2.3,1.6,Manchester City,71.6,Premier League,0.03212290502793296,0.022346368715083803
798029,8602,Ladislav Krejcí,2.2,1.5,Wolverhampton Wanderers,35.5,Premier League,0.0619718309859155,0.04225352112676056
1067763,8472,Trai Hume,2.2,2.0,Sunderland,38.9,Premier League,0.05655526992287918,0.05141388174807198
823825,8586,Randal Kolo Muani,2.2,1.8,Tottenham Hotspur,40.0,Premier League,0.05500000000000001,0.045
1368654,8472,Chemsdine Talbi,2.1,1.2,Sunderland,38.9,Premier League,0.053984575835475584,0.030848329048843187
1192166,8602,Rodrigo Gomes,2.1,0.4,Wolverhampton Wanderers,35.5,Premier League,0.05915492957746479,0.011267605633802818
688300,9879,Samuel Chukwueze,2.1,3.3,Fulham,48.4,Premier League,0.04338842975206612,0.06818181818181818
1561249,10204,Charalampos Kostoulas,2.1,0.6,Brighton &amp; Hove Albion,57.9,Premier League,0.036269430051813475,0.010362694300518135
1391052,8472,Eliezer Mayenda,2.1,0.2,Sunderland,38.9,Premier League,0.053984575835475584,0.0051413881748071984
312765,8668,Jack Grealish,2.1,3.6,Everton,46.7,Premier League,0.044967880085653104,0.07708779443254818
1077975,8191,Armando Broja,2.1,0.2,Burnley,32.5,Premier League,0.06461538461538462,0.006153846153846154
789646,8463,Jayden Bogle,2.1,3.2,Leeds United,54.2,Premier League,0.03874538745387454,0.05904059040590406
1356312,8654,Mateus Fernandes,2.0,3.0,West Ham United,46.1,Premier League,0.04338394793926247,0.0650759219088937
1609213,8602,Mateus Mané,2.0,3.7,Wolverhampton Wanderers,35.5,Premier League,0.056338028169014086,0.10422535211267606
179410,8668,Idrissa Gana Gueye,2.0,1.8,Everton,46.7,Premier League,0.042826552462526764,0.03854389721627409
950474,8668,James Garner,2.0,6.0,Everton,46.7,Premier League,0.042826552462526764,0.1284796573875803
1078788,10203,Neco Williams,2.0,4.0,Nottingham Forest,46.0,Premier League,0.043478260869565216,0.08695652173913043
749661,10252,Tammy Abraham,2.0,0.4,Aston Villa,48.2,Premier League,0.04149377593360996,0.008298755186721992
1372921,8455,Andrey Santos,2.0,0.9,Chelsea,66.5,Premier League,0.03007518796992481,0.013533834586466165
751550,10260,Diogo Dalot,2.0,2.6,Manchester United,65.3,Premier League,0.030627871362940276,0.03981623277182236
464486,8678,Enes Ünal,2.0,0.1,AFC Bournemouth,61.9,Premier League,0.03231017770597738,0.0016155088852988692
774448,10204,Ferdi Kadioglu,2.0,3.3,Brighton &amp; Hove Albion,57.9,Premier League,0.03454231433506045,0.05699481865284974
956683,8650,Ryan Gravenberch,1.9,2.3,Liverpool,61.3,Premier League,0.03099510603588907,0.037520391517128875
604785,9879,Alex Iwobi,1.9,4.7,Fulham,48.4,Premier League,0.03925619834710744,0.09710743801652894
602304,8472,Nordi Mukiele,1.9,2.5,Sunderland,38.9,Premier League,0.04884318766066838,0.06426735218508997
970243,10204,Mats Wieffer,1.9,1.9,Brighton &amp; Hove Albion,57.9,Premier League,0.03281519861830742,0.03281519861830742
891743,8586,Mohammed Kudus,1.9,2.4,Tottenham Hotspur,40.0,Premier League,0.0475,0.06
439369,8678,Ryan Christie,1.9,0.8,AFC Bournemouth,61.9,Premier League,0.030694668820678513,0.012924071082390954
1215652,10203,Omari Hutchinson,1.9,3.9,Nottingham Forest,46.0,Premier League,0.041304347826086954,0.08478260869565217
1341387,8586,Wilson Odobert,1.9,1.2,Tottenham Hotspur,40.0,Premier League,0.0475,0.03
860920,9826,Edward Nketiah,1.8,0.5,Crystal Palace,58.2,Premier League,0.03092783505154639,0.008591065292096219
1134871,10204,Maxim De Cuyper,1.8,4.1,Brighton &amp; Hove Albion,57.9,Premier League,0.031088082901554407,0.07081174438687392
466672,9826,Jefferson Lerma,1.8,1.5,Crystal Palace,58.2,Premier League,0.03092783505154639,0.02577319587628866
1185748,10252,Amadou Onana,1.7,0.7,Aston Villa,48.2,Premier League,0.035269709543568464,0.014522821576763484
710158,8463,James Justin,1.7,1.2,Leeds United,54.2,Premier League,0.03136531365313653,0.02214022140221402
1107280,8586,Pape Sarr,1.7,1.1,Tottenham Hotspur,40.0,Premier League,0.042499999999999996,0.027500000000000004
1430151,10204,Brajan Gruda,1.7,0.9,Brighton &amp; Hove Albion,57.9,Premier League,0.02936096718480138,0.015544041450777204
877401,9879,Calvin Bassey,1.7,0.4,Fulham,48.4,Premier League,0.03512396694214876,0.008264462809917356
1098607,8668,Jake O'Brien,1.7,1.0,Everton,46.7,Premier League,0.03640256959314775,0.021413276231263382
201690,10204,Lewis Dunk,1.7,0.6,Brighton &amp; Hove Albion,57.9,Premier League,0.02936096718480138,0.010362694300518135
956682,10261,Sven Botman,1.7,0.9,Newcastle United,57.1,Premier League,0.0297723292469352,0.01576182136602452
1050166,10261,Anthony Elanga,1.7,1.8,Newcastle United,57.1,Premier League,0.0297723292469352,0.03152364273204904
621515,9826,Daichi Kamada,1.7,3.2,Crystal Palace,58.2,Premier League,0.029209621993127145,0.054982817869415807
867414,10261,Sandro Tonali,1.7,2.9,Newcastle United,57.1,Premier League,0.0297723292469352,0.050788091068301226
773991,9879,Ryan Sessegnon,1.6,1.8,Fulham,48.4,Premier League,0.03305785123966942,0.0371900826446281
935728,8463,Ao Tanaka,1.6,1.5,Leeds United,54.2,Premier League,0.02952029520295203,0.027675276752767528
1197250,8455,Malo Gusto,1.6,3.0,Chelsea,66.5,Premier League,0.02406015037593985,0.045112781954887216
1195281,8650,Milos Kerkez,1.6,0.7,Liverpool,61.3,Premier League,0.026101141924959218,0.011419249592169656
1087966,9826,Evann Guessand,1.6,1.0,Crystal Palace,58.2,Premier League,0.027491408934707903,0.017182130584192438
786580,8602,Marshall Munetsi,1.6,0.4,Wolverhampton Wanderers,35.5,Premier League,0.04507042253521127,0.011267605633802818
751998,8472,Omar Alderete,1.6,0.9,Sunderland,38.9,Premier League,0.04113110539845759,0.023136246786632394
1120224,9826,Tyrick Mitchell,1.6,2.5,Crystal Palace,58.2,Premier League,0.027491408934707903,0.0429553264604811
750032,10260,Mason Mount,1.5,1.6,Manchester United,65.3,Premier League,0.022970903522205207,0.02450229709035222
215384,10252,Ross Barkley,1.5,1.3,Aston Villa,48.2,Premier League,0.031120331950207466,0.02697095435684647
1323305,8586,Archie Gray,1.5,1.2,Tottenham Hotspur,40.0,Premier League,0.0375,0.03
784510,8650,Federico Chiesa,1.5,0.6,Liverpool,61.3,Premier League,0.024469820554649267,0.009787928221859707
1296650,9826,Adam Wharton,1.5,7.4,Crystal Palace,58.2,Premier League,0.02577319587628866,0.12714776632302405
637744,8191,Marcus Edwards,1.5,1.8,Burnley,32.5,Premier League,0.046153846153846156,0.055384615384615386
769895,10260,Matthijs de Ligt,1.5,0.8,Manchester United,65.3,Premier League,0.022970903522205207,0.01225114854517611
827315,10203,Nicolás Dominguez,1.5,0.8,Nottingham Forest,46.0,Premier League,0.03260869565217391,0.017391304347826087
167008,10204,Pascal Groß,1.5,3.8,Brighton &amp; Hove Albion,57.9,Premier League,0.02590673575129534,0.06563039723661485
1664722,9826,Jaydee Canvot,1.5,0.3,Crystal Palace,58.2,Premier League,0.02577319587628866,0.005154639175257732
503659,9879,Joachim Andersen,1.5,1.8,Fulham,48.4,Premier League,0.030991735537190084,0.0371900826446281
1412137,8455,Marc Guiu,1.5,0.3,Chelsea,66.5,Premier League,0.022556390977443608,0.004511278195488721
785411,8678,Marcos Senesi,1.5,4.7,AFC Bournemouth,61.9,Premier League,0.024232633279483037,0.07592891760904685
1359649,8472,Noah Sadiki,1.5,1.4,Sunderland,38.9,Premier League,0.038560411311053984,0.03598971722365039
1113790,9879,Oscar Bobb,1.5,2.1,Fulham,48.4,Premier League,0.030991735537190084,0.04338842975206612
540963,9879,Sander Berge,1.5,1.5,Fulham,48.4,Premier League,0.030991735537190084,0.030991735537190084
1137668,8455,Moisés Caicedo,1.4,2.4,Chelsea,66.5,Premier League,0.021052631578947368,0.03609022556390977
793907,8455,Trevoh Chalobah,1.4,1.1,Chelsea,66.5,Premier League,0.021052631578947368,0.01654135338345865
717174,8463,Joe Rodon,1.4,0.6,Leeds United,54.2,Premier League,0.025830258302583023,0.01107011070110701
1177358,8678,Adrien Truffert,1.4,3.0,AFC Bournemouth,61.9,Premier League,0.022617124394184167,0.048465266558966075
1386775,8586,Lucas Bergvall,1.4,0.4,Tottenham Hotspur,40.0,Premier League,0.034999999999999996,0.01
939542,8668,Dwight McNeil,1.4,1.9,Everton,46.7,Premier League,0.029978586723768734,0.04068522483940042
655575,8191,Jacob Bruun Larsen,1.4,1.2,Burnley,32.5,Premier League,0.043076923076923075,0.03692307692307692
465750,9879,Timothy Castagne,1.4,1.5,Fulham,48.4,Premier League,0.02892561983471074,0.030991735537190084
419664,10252,Tyrone Mings,1.4,0.4,Aston Villa,48.2,Premier League,0.02904564315352697,0.008298755186721992
789066,8586,Cristian Romero,1.3,1.3,Tottenham Hotspur,40.0,Premier League,0.0325,0.0325
1283034,8191,Loum Tchaouna,1.3,0.9,Burnley,32.5,Premier League,0.04,0.027692307692307693
1622290,10203,Nicolò Savona,1.3,0.4,Nottingham Forest,46.0,Premier League,0.02826086956521739,0.008695652173913044
1597668,8650,Rio Ngumoha,1.3,2.0,Liverpool,61.3,Premier League,0.021207177814029365,0.032626427406199025
1174672,8602,João Gomes,1.3,2.1,Wolverhampton Wanderers,35.5,Premier League,0.036619718309859155,0.05915492957746479
1296763,10261,Lewis Miley,1.3,2.1,Newcastle United,57.1,Premier League,0.02276707530647986,0.03677758318739054
1053838,10203,Morato,1.3,0.2,Nottingham Forest,46.0,Premier League,0.02826086956521739,0.004347826086956522
710159,10252,Ezri Konsa,1.3,0.6,Aston Villa,48.2,Premier League,0.02697095435684647,0.012448132780082987
966026,10252,Ian Maatsen,1.3,2.4,Aston Villa,48.2,Premier League,0.02697095435684647,0.04979253112033195
860975,10261,Joseph Willock,1.3,1.1,Newcastle United,57.1,Premier League,0.02276707530647986,0.01926444833625219
1358581,10260,Leny Yoro,1.3,0.6,Manchester United,65.3,Premier League,0.01990811638591118,0.009188361408882083
792645,10252,Pau Torres,1.3,0.4,Aston Villa,48.2,Premier League,0.02697095435684647,0.008298755186721992
729731,10252,Matty Cash,1.2,2.9,Aston Villa,48.2,Premier League,0.024896265560165973,0.060165975103734434
1084981,9825,Noni Madueke,1.2,2.8,Arsenal,65.6,Premier League,0.01829268292682927,0.042682926829268296
1021929,10261,Jacob Ramsey,1.2,1.4,Newcastle United,57.1,Premier League,0.021015761821366025,0.024518388791593692
820024,8463,Sean Longstaff,1.2,1.9,Leeds United,54.2,Premier League,0.02214022140221402,0.03505535055350553
182962,9879,Tom Cairney,1.2,0.8,Fulham,48.4,Premier League,0.024793388429752067,0.01652892561983471
820140,8650,Ibrahima Konaté,1.2,1.0,Liverpool,61.3,Premier League,0.019575856443719414,0.016313213703099513
1318400,9879,Kevin,1.2,1.5,Fulham,48.4,Premier League,0.024793388429752067,0.030991735537190084
534670,9825,Martin Ødegaard,1.2,3.7,Arsenal,65.6,Premier League,0.01829268292682927,0.05640243902439025
866686,10204,Matthew O'Riley,1.2,0.2,Brighton &amp; Hove Albion,57.9,Premier League,0.02072538860103627,0.003454231433506045
1635773,9825,Max Dowman,1.2,0.3,Arsenal,65.6,Premier League,0.01829268292682927,0.004573170731707318
1429912,9937,Michael Kayode,1.2,2.8,Brentford,60.3,Premier League,0.01990049751243781,0.04643449419568822
1157236,9937,Yehor Yarmoliuk,1.2,1.4,Brentford,60.3,Premier League,0.01990049751243781,0.02321724709784411
1128965,8668,Charly Alcaraz,1.2,0.5,Everton,46.7,Premier League,0.025695931477516056,0.010706638115631691
881640,8472,Lutsharel Geertruida,1.2,0.8,Sunderland,38.9,Premier League,0.030848329048843187,0.020565552699228794
465960,10252,Youri Tielemans,1.2,3.3,Aston Villa,48.2,Premier League,0.024896265560165973,0.06846473029045642
795371,10203,Ibrahim Sangaré,1.1,1.8,Nottingham Forest,46.0,Premier League,0.02391304347826087,0.0391304347826087
1526689,8678,Álex Jiménez,1.1,1.6,AFC Bournemouth,61.9,Premier League,0.017770597738287562,0.025848142164781908
357880,8650,Andrew Robertson,1.1,1.4,Liverpool,61.3,Premier League,0.017944535073409464,0.022838499184339313
662428,9879,Antonee Robinson,1.1,1.6,Fulham,48.4,Premier League,0.02272727272727273,0.03305785123966942
966027,8586,Conor Gallagher,1.1,0.7,Tottenham Hotspur,40.0,Premier League,0.027500000000000004,0.017499999999999998
1022649,10203,Dan Ndoye,1.1,1.5,Nottingham Forest,46.0,Premier League,0.02391304347826087,0.03260869565217391
188058,10261,Daniel Burn,1.1,0.4,Newcastle United,57.1,Premier League,0.01926444833625219,0.0070052539404553416
255610,10260,Harry Maguire,1.1,0.5,Manchester United,65.3,Premier League,0.016845329249617153,0.007656967840735069
304455,10204,Joël Veltman,1.1,0.2,Brighton &amp; Hove Albion,57.9,Premier League,0.018998272884283247,0.003454231433506045
734042,8654,Kyle Walker-Peters,1.1,0.4,West Ham United,46.1,Premier League,0.023861171366594363,0.008676789587852495
675088,8456,Rodri,1.1,2.6,Manchester City,71.6,Premier League,0.015363128491620115,0.036312849162011177
744494,8463,Gabriel Gudmundsson,1.1,2.7,Leeds United,54.2,Premier League,0.02029520295202952,0.04981549815498155
295067,9826,Will Hughes,1.1,1.9,Crystal Palace,58.2,Premier League,0.018900343642611686,0.03264604810996563
807729,8455,Reece James,1.0,3.2,Chelsea,66.5,Premier League,0.015037593984962405,0.0481203007518797
207236,8472,Granit Xhaka,1.0,3.7,Sunderland,38.9,Premier League,0.02570694087403599,0.09511568123393317
38807,10204,James Milner,1.0,0.6,Brighton &amp; Hove Albion,57.9,Premier League,0.017271157167530225,0.010362694300518135
769166,8602,Jean-Ricner Bellegarde,1.0,1.1,Wolverhampton Wanderers,35.5,Premier League,0.028169014084507043,0.03098591549295775
469804,9879,Kenny Tete,1.0,1.4,Fulham,48.4,Premier League,0.02066115702479339,0.02892561983471074
1197655,10261,Lewis Hall,1.0,2.8,Newcastle United,57.1,Premier League,0.017513134851138354,0.049036777583187384
941573,8586,Pedro Porro,1.0,4.5,Tottenham Hotspur,40.0,Premier League,0.025,0.1125
696646,8654,Axel Disasi,1.0,0.1,West Ham United,46.1,Premier League,0.021691973969631236,0.0021691973969631237
189982,10261,Fabian Schär,1.0,0.6,Newcastle United,57.1,Premier League,0.017513134851138354,0.010507880910683012
792540,8463,Joël Piroe,1.0,0.1,Leeds United,54.2,Premier League,0.01845018450184502,0.0018450184501845018
1227326,8654,Pablo,1.0,1.1,West Ham United,46.1,Premier League,0.021691973969631236,0.023861171366594363
623716,8191,Josh Cullen,0.9,1.4,Burnley,32.5,Premier League,0.027692307692307693,0.043076923076923075
1113785,8191,Hannibal Mejbri,0.9,2.1,Burnley,32.5,Premier League,0.027692307692307693,0.06461538461538462
1116391,8602,Hugo Bueno,0.9,3.5,Wolverhampton Wanderers,35.5,Premier League,0.02535211267605634,0.09859154929577464
861805,8463,Jaka Bijol,0.9,0.8,Leeds United,54.2,Premier League,0.016605166051660517,0.014760147601476014
523193,8191,Josh Laurent,0.9,0.5,Burnley,32.5,Premier League,0.027692307692307693,0.015384615384615385
688273,9937,Vitaly Janelt,0.9,2.3,Brentford,60.3,Premier League,0.01492537313432836,0.03814262023217247
955406,9825,William Saliba,0.9,1.4,Arsenal,65.6,Premier League,0.013719512195121953,0.021341463414634148
717176,8463,Daniel James,0.9,0.7,Leeds United,54.2,Premier League,0.016605166051660517,0.012915129151291511
894803,8586,Djed Spence,0.9,1.8,Tottenham Hotspur,40.0,Premier League,0.0225,0.045
959407,8678,James Hill,0.9,1.2,AFC Bournemouth,61.9,Premier League,0.014539579967689823,0.01938610662358643
276791,8654,Niclas Füllkrug,0.9,0.2,West Ham United,46.1,Premier League,0.019522776572668113,0.004338394793926247
1123947,8472,Romaine Mundle,0.9,0.5,Sunderland,38.9,Premier League,0.023136246786632394,0.012853470437017995
1327319,8472,Chris Rigg,0.8,1.1,Sunderland,38.9,Premier League,0.020565552699228794,0.02827763496143959
696443,9879,Issa Diop,0.8,0.1,Fulham,48.4,Premier League,0.01652892561983471,0.002066115702479339
1212630,10203,Lorenzo Lucca,0.8,0.0,Nottingham Forest,46.0,Premier League,0.017391304347826087,0.0
1210384,8668,Merlin Röhl,0.8,0.3,Everton,46.7,Premier League,0.017130620985010708,0.006423982869379014
1559637,8668,Harrison Armstrong,0.8,0.2,Everton,46.7,Premier League,0.017130620985010708,0.004282655246252677
1113692,8455,Jamie Gittens,0.8,0.9,Chelsea,66.5,Premier League,0.012030075187969926,0.013533834586466165
552718,9937,Kristoffer Ajer,0.8,0.7,Brentford,60.3,Premier League,0.01326699834162521,0.011608623548922056
766611,10203,Nikola Milenkovic,0.8,0.7,Nottingham Forest,46.0,Premier League,0.017391304347826087,0.015217391304347825
1287010,8472,Nilson Angulo,0.8,0.1,Sunderland,38.9,Premier League,0.020565552699228794,0.0025706940874035992
963965,9937,Fábio Carvalho,0.7,0.0,Brentford,60.3,Premier League,0.011608623548922056,0.0
362694,10260,Luke Shaw,0.7,2.0,Manchester United,65.3,Premier League,0.010719754977029096,0.030627871362940276
1458711,10203,Murillo,0.7,0.5,Nottingham Forest,46.0,Premier League,0.015217391304347825,0.010869565217391304
1280132,8456,Nico González,0.7,1.1,Manchester City,71.6,Premier League,0.009776536312849162,0.015363128491620115
620618,8586,Rodrigo Bentancur,0.7,0.8,Tottenham Hotspur,40.0,Premier League,0.017499999999999998,0.02
1362998,8456,Abdukodir Khusanov,0.7,0.6,Manchester City,71.6,Premier League,0.009776536312849162,0.008379888268156424
493647,8654,Adama Traoré,0.7,0.6,West Ham United,46.1,Premier League,0.015184381778741865,0.013015184381778741
1352713,10204,Carlos Baleba,0.7,0.8,Brighton &amp; Hove Albion,57.9,Premier League,0.012089810017271156,0.01381692573402418
793255,8191,Florentino,0.7,0.6,Burnley,32.5,Premier League,0.021538461538461538,0.01846153846153846
210111,10252,Lucas Digne,0.7,3.3,Aston Villa,48.2,Premier League,0.014522821576763484,0.06846473029045642
1035614,10260,Manuel Ugarte,0.7,0.2,Manchester United,65.3,Premier League,0.010719754977029096,0.0030627871362940277
1250443,8191,Maxime Estève,0.7,0.7,Burnley,32.5,Premier League,0.021538461538461538,0.021538461538461538
417068,8456,Nathan Aké,0.7,0.5,Manchester City,71.6,Premier League,0.009776536312849162,0.006983240223463688
748382,9937,Reiss Nelson,0.7,0.1,Brentford,60.3,Premier League,0.011608623548922056,0.0016583747927031512
917802,8455,Wesley Fofana,0.7,0.6,Chelsea,66.5,Premier League,0.010526315789473684,0.009022556390977442
614006,8456,Rúben Dias,0.6,0.6,Manchester City,71.6,Premier League,0.008379888268156424,0.008379888268156424
729769,8678,Tyler Adams,0.6,0.6,AFC Bournemouth,61.9,Premier League,0.009693053311793215,0.009693053311793215
690149,8191,Axel Tuanzebe,0.6,0.1,Burnley,32.5,Premier League,0.01846153846153846,0.003076923076923077
1400216,8455,Josh Acheampong,0.6,0.1,Chelsea,66.5,Premier League,0.009022556390977442,0.0015037593984962407
1060617,8191,Oliver Sonne,0.6,0.1,Burnley,32.5,Premier League,0.01846153846153846,0.003076923076923077
1114979,8602,Emmanuel Agbadou,0.6,0.4,Wolverhampton Wanderers,35.5,Premier League,0.016901408450704224,0.011267605633802818
846381,10252,Jadon Sancho,0.6,1.9,Aston Villa,48.2,Premier League,0.012448132780082987,0.03941908713692946
754126,8586,Kevin Danso,0.6,0.3,Tottenham Hotspur,40.0,Premier League,0.015,0.0075
1291325,8191,Lucas Pires,0.6,1.5,Burnley,32.5,Premier League,0.01846153846153846,0.046153846153846156
1451265,8654,Malick Diouf,0.6,2.5,West Ham United,46.1,Premier League,0.013015184381778741,0.05422993492407809
865931,8654,Max Kilman,0.6,0.3,West Ham United,46.1,Premier League,0.013015184381778741,0.006507592190889371
933845,8456,Rayan Aït-Nouri,0.6,2.0,Manchester City,71.6,Premier League,0.008379888268156424,0.02793296089385475
1203512,8668,Tim Iroegbunam,0.6,0.7,Everton,46.7,Premier League,0.012847965738758028,0.014989293361884367
1424875,8668,Tyrique George,0.6,1.2,Everton,46.7,Premier League,0.012847965738758028,0.025695931477516056
1174296,8602,André,0.5,1.0,Wolverhampton Wanderers,35.5,Premier League,0.014084507042253521,0.028169014084507043
276121,8586,Ben Davies,0.5,0.1,Tottenham Hotspur,40.0,Premier League,0.0125,0.0025
303059,8472,Bertrand Traoré,0.5,0.2,Sunderland,38.9,Premier League,0.012853470437017995,0.0051413881748071984
816325,10252,Boubacar Kamara,0.5,0.9,Aston Villa,48.2,Premier League,0.01037344398340249,0.01867219917012448
787350,10252,Douglas Luiz,0.5,1.4,Aston Villa,48.2,Premier League,0.01037344398340249,0.02904564315352697
1292810,10260,Kobbie Mainoo,0.5,1.3,Manchester United,65.3,Premier League,0.007656967840735069,0.01990811638591118
1423616,10204,Stefanos Tzimas,0.5,0.1,Brighton &amp; Hove Albion,57.9,Premier League,0.008635578583765112,0.0017271157167530226
1002039,9937,Aaron Hickey,0.5,0.1,Brentford,60.3,Premier League,0.008291873963515755,0.0016583747927031512
776151,9825,Ben White,0.5,0.7,Arsenal,65.6,Premier League,0.007621951219512196,0.010670731707317074
1580704,9826,Christantus Uche,0.5,0.0,Crystal Palace,58.2,Premier League,0.008591065292096219,0.0
1079539,10203,Dilane Bakwa,0.5,1.0,Nottingham Forest,46.0,Premier League,0.010869565217391304,0.021739130434782608
1080983,8463,Ilia Gruev,0.5,0.9,Leeds United,54.2,Premier League,0.00922509225092251,0.016605166051660517
966018,8650,Jeremie Frimpong,0.5,1.6,Liverpool,61.3,Premier League,0.008156606851549756,0.026101141924959218
671331,10252,Leon Bailey,0.5,1.5,Aston Villa,48.2,Premier League,0.01037344398340249,0.031120331950207466
775614,10203,Ryan Yates,0.5,0.4,Nottingham Forest,46.0,Premier League,0.010869565217391304,0.008695652173913044
1013277,8602,Toti Gomes,0.5,0.3,Wolverhampton Wanderers,35.5,Premier League,0.014084507042253521,0.008450704225352112
1030829,8668,Jarrad Branthwaite,0.4,0.1,Everton,46.7,Premier League,0.008565310492505354,0.0021413276231263384
1137667,9825,Piero Hincapié,0.4,1.6,Arsenal,65.6,Premier League,0.006097560975609757,0.02439024390243903
1385894,8654,Soungoutou Magassa,0.4,0.3,West Ham United,46.1,Premier League,0.008676789587852495,0.006507592190889371
1095445,10203,Arnaud Kalimuendo-Muinga,0.4,0.0,Nottingham Forest,46.0,Premier League,0.008695652173913044,0.0
1238058,8191,Bashir Humphreys,0.4,0.7,Burnley,32.5,Premier League,0.012307692307692308,0.021538461538461538
1426170,8455,Mamadou Sarr,0.4,0.0,Chelsea,66.5,Premier League,0.006015037593984963,0.0
157838,9826,Nathaniel Clyne,0.4,0.7,Crystal Palace,58.2,Premier League,0.006872852233676976,0.012027491408934707
682548,10203,Ola Aina,0.4,0.8,Nottingham Forest,46.0,Premier League,0.008695652173913044,0.017391304347826087
1436258,8650,Trey Nyoni,0.4,0.0,Liverpool,61.3,Premier League,0.0065252854812398045,0.0
1107286,8463,Wilfried Gnonto,0.4,0.7,Leeds United,54.2,Premier League,0.007380073800738007,0.012915129151291511
724306,8586,Yves Bissouma,0.4,0.1,Tottenham Hotspur,40.0,Premier League,0.01,0.0025
156008,9937,Jordan Henderson,0.3,2.5,Brentford,60.3,Premier League,0.004975124378109453,0.04145936981757877
955529,8456,Matheus Nunes,0.3,2.2,Manchester City,71.6,Premier League,0.004189944134078212,0.03072625698324023
1227012,8472,Simon Adingra,0.3,0.6,Sunderland,38.9,Premier League,0.007712082262210797,0.015424164524421594
848667,8602,Angel Gomes,0.3,0.3,Wolverhampton Wanderers,35.5,Premier League,0.008450704225352112,0.008450704225352112
1559639,10260,Ayden Heaven,0.3,0.2,Manchester United,65.3,Premier League,0.004594180704441042,0.0030627871362940277
1324871,8678,Ben Gannon-Doak,0.3,0.1,AFC Bournemouth,61.9,Premier League,0.004846526655896607,0.0016155088852988692
1187506,9826,Chadi Riad,0.3,0.1,Crystal Palace,58.2,Premier League,0.005154639175257732,0.001718213058419244
963964,10252,Harvey Elliott,0.3,0.1,Aston Villa,48.2,Premier League,0.006224066390041493,0.002074688796680498
831044,8191,Hjalmar Ekdal,0.3,0.3,Burnley,32.5,Premier League,0.00923076923076923,0.00923076923076923
751649,8463,Jack Harrison,0.3,0.2,Leeds United,54.2,Premier League,0.005535055350553505,0.0036900369003690036
1210943,8602,Jackson Tchatchoua,0.3,1.7,Wolverhampton Wanderers,35.5,Premier League,0.008450704225352112,0.04788732394366197
1391209,10203,Jair Cunha,0.3,0.1,Nottingham Forest,46.0,Premier League,0.006521739130434782,0.002173913043478261
1413846,8455,Jorrel Hato,0.3,0.6,Chelsea,66.5,Premier League,0.004511278195488721,0.009022556390977442
568571,8650,Joseph Gomez,0.3,0.7,Liverpool,61.3,Premier League,0.004893964110929854,0.011419249592169656
1414691,8456,Max Alleyne,0.3,0.1,Manchester City,71.6,Premier League,0.004189944134078212,0.0013966480446927377
1610952,8602,Pedro Lima,0.3,0.4,Wolverhampton Wanderers,35.5,Premier League,0.008450704225352112,0.011267605633802818
1393669,8191,Quilindschy Hartman,0.3,2.0,Burnley,32.5,Premier League,0.00923076923076923,0.06153846153846154
1203661,8586,Radu Dragusin,0.3,0.0,Tottenham Hotspur,40.0,Premier League,0.0075,0.0
258269,10252,Victor Nilsson Lindelöf,0.3,0.1,Aston Villa,48.2,Premier League,0.006224066390041493,0.002074688796680498
874025,8668,Vitaliy Mykolenko,0.3,2.5,Everton,46.7,Premier League,0.006423982869379014,0.05353319057815845
1469210,8602,Tom Edozie,0.2,0.0,Wolverhampton Wanderers,35.5,Premier League,0.005633802816901409,0.0
107280,8191,Ashley Barnes,0.2,0.0,Burnley,32.5,Premier League,0.006153846153846154,0.0
1113690,8650,Conor Bradley,0.2,0.9,Liverpool,61.3,Premier League,0.0032626427406199023,0.01468189233278956
1052898,8586,Destiny Udogie,0.2,0.8,Tottenham Hotspur,40.0,Premier League,0.005,0.02
1254234,9825,Ethan Nwaneri,0.2,0.1,Arsenal,65.6,Premier League,0.0030487804878048786,0.0015243902439024393
1573122,8602,Fer López,0.2,0.6,Wolverhampton Wanderers,35.5,Premier League,0.005633802816901409,0.016901408450704224
1206287,8654,Freddie Potts,0.2,1.1,West Ham United,46.1,Premier League,0.004338394793926247,0.023861171366594363
493165,8586,James Maddison,0.2,0.1,Tottenham Hotspur,40.0,Premier League,0.005,0.0025
1107648,10203,James McAtee,0.2,0.4,Nottingham Forest,46.0,Premier League,0.004347826086956522,0.008695652173913044
279490,8191,James Ward-Prowse,0.2,1.9,Burnley,32.5,Premier League,0.006153846153846154,0.05846153846153846
955214,8654,Jean-Clair Todibo,0.2,0.3,West Ham United,46.1,Premier League,0.004338394793926247,0.006507592190889371
159833,8191,Kyle Walker,0.2,1.3,Burnley,32.5,Premier League,0.006153846153846154,0.04
847983,10260,Lisandro Martínez,0.2,0.6,Manchester United,65.3,Premier League,0.0030627871362940277,0.009188361408882083
239219,8456,Mateo Kovacic,0.2,0.4,Manchester City,71.6,Premier League,0.0027932960893854754,0.005586592178770951
280484,10261,Nick Pope,0.2,0.0,Newcastle United,57.1,Premier League,0.0035026269702276708,0.0
775539,10260,Noussair Mazraoui,0.2,0.4,Manchester United,65.3,Premier League,0.0030627871362940277,0.006125574272588055
1315319,8654,Oliver Scarles,0.2,0.3,West Ham United,46.1,Premier League,0.004338394793926247,0.006507592190889371
600524,8472,Reinildo,0.2,0.7,Sunderland,38.9,Premier League,0.0051413881748071984,0.017994858611825194
562892,9937,Rico Henry,0.2,0.5,Brentford,60.3,Premier League,0.0033167495854063023,0.008291873963515755
1288450,8456,Rico Lewis,0.2,1.4,Manchester City,71.6,Premier League,0.0027932960893854754,0.019553072625698324
1190867,8455,Roméo Lavia,0.2,0.5,Chelsea,66.5,Premier League,0.0030075187969924814,0.007518796992481203
922892,8463,Sebastiaan Bornauw,0.2,0.0,Leeds United,54.2,Premier League,0.0036900369003690036,0.0
1292833,8668,Tyler Dibling,0.2,0.2,Everton,46.7,Premier League,0.004282655246252677,0.004282655246252677
1666977,8678,Veljko Milosavljevic,0.2,0.2,AFC Bournemouth,61.9,Premier League,0.0032310177705977385,0.0032310177705977385
1067168,8191,Zeki Amdouni,0.2,0.0,Burnley,32.5,Premier League,0.006153846153846154,0.0
502420,9879,Harrison Reed,0.1,0.5,Fulham,48.4,Premier League,0.002066115702479339,0.010330578512396695
1449690,8678,Alex Tóth,0.1,0.3,AFC Bournemouth,61.9,Premier League,0.0016155088852988692,0.004846526655896607
418137,8472,Arthur Masuaku,0.1,0.1,Sunderland,38.9,Premier League,0.0025706940874035992,0.0025706940874035992
1327325,8654,Callum Marshall,0.1,0.0,West Ham United,46.1,Premier League,0.0021691973969631237,0.0
266520,9825,Christian Nørgaard,0.1,0.0,Arsenal,65.6,Premier League,0.0015243902439024393,0.0
1298907,9825,Cristhian Mosquera,0.1,0.6,Arsenal,65.6,Premier League,0.0015243902439024393,0.009146341463414635
1049679,8602,David Møller Wolfe,0.1,1.1,Wolverhampton Wanderers,35.5,Premier League,0.0028169014084507044,0.03098591549295775
1118480,8472,Dennis Cirkin,0.1,0.0,Sunderland,38.9,Premier League,0.0025706940874035992,0.0
1624950,8654,Ezra Mayers,0.1,0.5,West Ham United,46.1,Premier League,0.0021691973969631237,0.010845986984815618
1336566,8463,Facundo Buonanotte,0.1,0.3,Leeds United,54.2,Premier League,0.0018450184501845018,0.005535055350553505
1526704,8455,Jesse Derry,0.1,0.0,Chelsea,66.5,Premier League,0.0015037593984962407,0.0
716687,8191,Joe Worrall,0.1,0.0,Burnley,32.5,Premier League,0.003076923076923077,0.0
821728,9879,Jorge Cuenca,0.1,0.6,Fulham,48.4,Premier League,0.002066115702479339,0.012396694214876033
759566,9937,Joshua Dasilva,0.1,0.0,Brentford,60.3,Premier League,0.0016583747927031512,0.0
191869,10261,Kieran Trippier,0.1,2.0,Newcastle United,57.1,Premier League,0.0017513134851138354,0.03502626970227671
562724,8678,Lewis Cook,0.1,0.5,AFC Bournemouth,61.9,Premier League,0.0016155088852988692,0.008077544426494346
1458757,8654,Luís Guilherme,0.1,0.0,West Ham United,46.1,Premier League,0.0021691973969631237,0.0
480253,8472,Luke O'Nien,0.1,0.1,Sunderland,38.9,Premier League,0.0025706940874035992,0.0025706940874035992
239920,8602,Matt Doherty,0.1,0.2,Wolverhampton Wanderers,35.5,Premier League,0.0028169014084507044,0.005633802816901409
1529203,8654,Mohamadou Kanté,0.1,0.1,West Ham United,46.1,Premier League,0.0021691973969631237,0.0021691973969631237
1406436,9825,Myles Lewis-Skelly,0.1,0.2,Arsenal,65.6,Premier League,0.0015243902439024393,0.0030487804878048786
617310,8654,Nayef Aguerd,0.1,0.0,West Ham United,46.1,Premier League,0.0021691973969631237,0.0
623621,10203,Oleksandr Zinchenko,0.1,0.4,Nottingham Forest,46.0,Premier League,0.002173913043478261,0.008695652173913044
1433230,9937,Romelle Donovan,0.1,0.0,Brentford,60.3,Premier League,0.0016583747927031512,0.0
1436260,10260,Shea Lacey,0.1,0.0,Manchester United,65.3,Premier League,0.0015313935681470138,0.0
683402,8455,Tosin Adarabioyo,0.1,0.4,Chelsea,66.5,Premier League,0.0015037593984962407,0.006015037593984963
1107910,10261,Valentino Livramento,0.1,0.9,Newcastle United,57.1,Premier League,0.0017513134851138354,0.01576182136602452
1656860,10252,Alysson Edward,0.0,0.0,Aston Villa,48.2,Premier League,0.0,0.0
979752,8678,Bafodé Diakité,0.0,0.2,AFC Bournemouth,61.9,Premier League,0.0,0.0032310177705977385
622091,9826,Borna Sosa,0.0,0.1,Crystal Palace,58.2,Premier League,0.0,0.001718213058419244
711357,9937,Ethan Pinnock,0.0,0.1,Brentford,60.3,Premier League,0.0,0.0016583747927031512
1607333,10252,George Hemmings,0.0,0.0,Aston Villa,48.2,Premier League,0.0,0.0
586768,8654,Guido Rodríguez,0.0,0.0,West Ham United,46.1,Premier League,0.0,0.0
1575707,10260,Jack Fletcher,0.0,0.0,Manchester United,65.3,Premier League,0.0,0.0
279489,10261,Jamaal Lascelles,0.0,0.0,Newcastle United,57.1,Premier League,0.0,0.0
1010733,8602,Ki-Jana Hoever,0.0,0.4,Wolverhampton Wanderers,35.5,Premier League,0.0,0.011267605633802818
1112684,8668,Nathan Patterson,0.0,0.0,Everton,46.7,Premier League,0.0,0.0
613715,10204,Olivier Boscagli,0.0,0.5,Brighton &amp; Hove Albion,57.9,Premier League,0.0,0.008635578583765112
527549,8472,Patrick Roberts,0.0,0.0,Sunderland,38.9,Premier League,0.0,0.0
1422586,9826,Rio Cardines,0.0,0.2,Crystal Palace,58.2,Premier League,0.0,0.003436426116838488
1443841,10261,Sean Neave,0.0,0.0,Newcastle United,57.1,Premier League,0.0,0.0
416850,10204,Solly March,0.0,0.0,Brighton &amp; Hove Albion,57.9,Premier League,0.0,0.0
1636513,8586,Souza,0.0,0.0,Tottenham Hotspur,40.0,Premier League,0.0,0.0
1310131,10204,Tom Watson,0.0,0.0,Brighton &amp; Hove Albion,57.9,Premier League,0.0,0.0
202643,8650,Wataru Endo,0.0,0.1,Liverpool,61.3,Premier League,0.0,0.0016313213703099511
701154,8633,Kylian Mbappé,23.9,6.2,Real Madrid,77.9,La Liga,0.30680359435173293,0.07958921694480102
517052,8661,Vedat Muriqi,18.5,1.5,Mallorca,43.5,La Liga,0.42528735632183906,0.034482758620689655
251269,8371,Ante Budimir,17.1,1.7,Osasuna,46.0,La Liga,0.3717391304347826,0.03695652173913044
678234,8560,Mikel Oyarzabal,15.2,3.6,Real Sociedad,54.4,La Liga,0.27941176470588236,0.0661764705882353
93447,8634,Robert Lewandowski,14.1,1.2,Barcelona,86.7,La Liga,0.16262975778546712,0.013840830449826988
846033,8633,Vinícius Júnior,13.6,5.6,Real Madrid,77.9,La Liga,0.17458279845956354,0.07188703465982027
881771,8634,Ferran Torres,13.2,1.7,Barcelona,86.7,La Liga,0.15224913494809686,0.0196078431372549
1467236,8634,Lamine Yamal,12.8,10.1,Barcelona,86.7,La Liga,0.14763552479815456,0.11649365628604381
1117069,10205,Georges Mikautadze,11.4,2.5,Villarreal,59.0,La Liga,0.19322033898305085,0.0423728813559322
640123,9866,Toni Martínez,11.2,2.2,Deportivo Alaves,46.9,La Liga,0.23880597014925373,0.046908315565031986
852071,8603,Juan Hernández,11.1,2.4,Real Betis,55.6,La Liga,0.19964028776978415,0.043165467625899276
797901,8370,Jorge de Frutos,10.6,2.9,Rayo Vallecano,53.2,La Liga,0.19924812030075187,0.05451127819548872
609505,9910,Borja Iglesias,10.5,1.6,Celta Vigo,49.5,La Liga,0.21212121212121213,0.03232323232323232
388523,10268,André Silva,10.5,1.3,Elche,42.6,La Liga,0.24647887323943662,0.03051643192488263
711231,8315,Gorka Guruzeta,10.5,1.9,Athletic Club,50.7,La Liga,0.2071005917159763,0.03747534516765286
696679,8634,Raphinha,10.4,5.8,Barcelona,86.7,La Liga,0.11995386389850057,0.06689734717416378
440330,9906,Alexander Sørloth,10.2,1.1,Atletico Madrid,58.9,La Liga,0.1731748726655348,0.018675721561969442
958640,8302,Akor Adams,10.0,1.1,Sevilla,39.3,La Liga,0.2544529262086514,0.027989821882951658
561164,9866,Lucas Boyé,9.5,1.7,Deportivo Alaves,46.9,La Liga,0.2025586353944563,0.03624733475479744
1252373,8558,Roberto Fernández,9.3,2.7,Espanyol,48.9,La Liga,0.1901840490797546,0.055214723926380375
1209399,8603,Abdessamad Ezzalzouli,9.2,3.5,Real Betis,55.6,La Liga,0.16546762589928055,0.06294964028776978
929838,10267,Hugo Duro,8.8,0.8,Valencia,49.2,La Liga,0.17886178861788618,0.016260162601626015
967622,8603,Antony,8.8,6.1,Real Betis,55.6,La Liga,0.15827338129496404,0.10971223021582732
183353,8558,Kike García,8.8,2.2,Espanyol,48.9,La Liga,0.17995910020449898,0.044989775051124746
1327406,10268,Álvaro Rodriguez,8.8,2.7,Elche,42.6,La Liga,0.20657276995305165,0.06338028169014084
1032811,8670,Federico Viñas,8.7,1.9,Real Oviedo,35.8,La Liga,0.2430167597765363,0.05307262569832402
1392779,8581,Etta Eyong,8.7,1.7,Levante,52.5,La Liga,0.1657142857142857,0.03238095238095238
1209441,8581,Iván Romero,8.6,1.9,Levante,52.5,La Liga,0.1638095238095238,0.03619047619047619
1231648,7732,Vladyslav Vanat,8.5,1.3,Girona,48.2,La Liga,0.1763485477178423,0.02697095435684647
575735,10205,Nicolas Pépé,8.3,6.4,Villarreal,59.0,La Liga,0.14067796610169492,0.10847457627118645
640492,10268,Rafa Mir,8.1,1.1,Elche,42.6,La Liga,0.19014084507042253,0.025821596244131457
974753,9906,Julián Álvarez,7.7,5.1,Atletico Madrid,58.9,La Liga,0.1307300509337861,0.0865874363327674
614834,8634,Dani Olmo,7.7,5.6,Barcelona,86.7,La Liga,0.08881199538638986,0.06459054209919261
1610744,8581,Carlos Espí,7.6,0.4,Levante,52.5,La Liga,0.14476190476190476,0.007619047619047619
184138,9906,Antoine Griezmann,7.6,4.2,Atletico Madrid,58.9,La Liga,0.12903225806451613,0.07130730050933787
696365,8634,Marcus Rashford,7.5,4.6,Barcelona,86.7,La Liga,0.08650519031141868,0.05305651672433679
1077894,8633,Jude Bellingham,7.3,2.2,Real Madrid,77.9,La Liga,0.09370988446726572,0.028241335044929396
625340,8305,Mauro Arambarri,7.2,0.9,Getafe,30.6,La Liga,0.23529411764705882,0.029411764705882353
593129,8558,Pere Milla,7.1,2.7,Espanyol,48.9,La Liga,0.14519427402862986,0.055214723926380375
1404415,8634,Fermín López,7.0,4.5,Barcelona,86.7,La Liga,0.08073817762399077,0.05190311418685121
1077915,10267,Largie Ramazani,6.9,2.2,Valencia,49.2,La Liga,0.14024390243902438,0.044715447154471545
1169595,8670,Ilyas Chaira,6.8,1.5,Real Oviedo,35.8,La Liga,0.1899441340782123,0.04189944134078213
564847,7732,Viktor Tsigankov,6.8,3.9,Girona,48.2,La Liga,0.14107883817427386,0.08091286307053941
1102732,9910,Ferrán Jutglà,6.7,1.3,Celta Vigo,49.5,La Liga,0.13535353535353536,0.026262626262626265
474658,8370,Álvaro Garcia,6.5,5.2,Rayo Vallecano,53.2,La Liga,0.12218045112781954,0.09774436090225563
950545,8315,Oihan Sancet,6.5,1.6,Athletic Club,50.7,La Liga,0.1282051282051282,0.03155818540433925
1094778,8371,Raúl García,6.4,1.3,Osasuna,46.0,La Liga,0.1391304347826087,0.02826086956521739
604105,8315,Iñaki Williams,6.4,3.5,Athletic Club,50.7,La Liga,0.126232741617357,0.0690335305719921
246438,10205,Gerard Moreno,6.3,2.3,Villarreal,59.0,La Liga,0.10677966101694915,0.03898305084745762
1097229,8560,Orri Óskarsson,6.1,0.2,Real Sociedad,54.4,La Liga,0.11213235294117646,0.0036764705882352945
1553105,8371,Víctor Muñoz,5.9,3.2,Osasuna,46.0,La Liga,0.1282608695652174,0.06956521739130435
1184694,10205,Alberto Moleiro,5.8,3.7,Villarreal,59.0,La Liga,0.0983050847457627,0.06271186440677966
640122,8560,Brais Méndez,5.8,2.7,Real Sociedad,54.4,La Liga,0.10661764705882353,0.049632352941176475
1413847,8633,Gonzalo García,5.4,1.1,Real Madrid,77.9,La Liga,0.0693196405648267,0.014120667522464698
1202110,8315,Nico Williams,5.4,5.0,Athletic Club,50.7,La Liga,0.10650887573964497,0.09861932938856015
479020,10205,Ayoze Pérez,5.4,1.1,Villarreal,59.0,La Liga,0.09152542372881356,0.01864406779661017
58294,7732,Cristhian Stuani,5.4,0.5,Girona,48.2,La Liga,0.11203319502074689,0.01037344398340249
1130991,8302,Isaac Romero,5.3,0.6,Sevilla,39.3,La Liga,0.13486005089058525,0.015267175572519085
638010,8370,Isi Palazón,5.3,4.0,Rayo Vallecano,53.2,La Liga,0.09962406015037593,0.07518796992481203
1226147,9906,Giuliano Simeone,5.2,5.0,Atletico Madrid,58.9,La Liga,0.08828522920203735,0.08488964346349745
1344677,8661,Mateo Joseph,5.1,0.9,Mallorca,43.5,La Liga,0.11724137931034483,0.020689655172413793
704151,10267,Arnaut Danjuma,4.7,3.5,Valencia,49.2,La Liga,0.09552845528455284,0.07113821138211382
1253890,8633,Arda Güler,4.6,7.2,Real Madrid,77.9,La Liga,0.05905006418485237,0.09242618741976893
174472,9910,Iago Aspas,4.5,3.9,Celta Vigo,49.5,La Liga,0.09090909090909091,0.07878787878787878
574629,8315,Alex Berenguer,4.5,5.6,Athletic Club,50.7,La Liga,0.08875739644970414,0.11045364891518736
1238154,9866,Pablo Ibánez,4.4,1.3,Deportivo Alaves,46.9,La Liga,0.09381663113006397,0.02771855010660981
1197039,8305,Martín Satriano,4.3,1.4,Getafe,30.6,La Liga,0.14052287581699346,0.0457516339869281
1272740,9910,Williot Swedberg,4.3,1.3,Celta Vigo,49.5,La Liga,0.08686868686868686,0.026262626262626265
1322858,9910,Pablo Durán,4.3,1.5,Celta Vigo,49.5,La Liga,0.08686868686868686,0.030303030303030304
841672,9906,Nicolás González,4.2,2.0,Atletico Madrid,58.9,La Liga,0.07130730050933787,0.03395585738539898
690516,9906,Ademola Lookman,4.2,1.1,Atletico Madrid,58.9,La Liga,0.07130730050933787,0.018675721561969442
952528,8581,Adrián De La Fuente,4.2,1.9,Levante,52.5,La Liga,0.08,0.03619047619047619
671865,10205,Santi Comesaña,4.2,3.5,Villarreal,59.0,La Liga,0.0711864406779661,0.059322033898305086
974755,10267,Lucas Beltrán,4.1,1.5,Valencia,49.2,La Liga,0.08333333333333331,0.03048780487804878
1130583,8661,Samú,4.0,1.1,Mallorca,43.5,La Liga,0.09195402298850575,0.025287356321839084
844544,10205,Pape Gueye,4.0,2.8,Villarreal,59.0,La Liga,0.06779661016949153,0.04745762711864406
683450,8603,Pablo Fornals,3.9,5.9,Real Betis,55.6,La Liga,0.07014388489208633,0.10611510791366907
536455,8560,Gonçalo Guedes,3.9,2.9,Real Sociedad,54.4,La Liga,0.07169117647058823,0.05330882352941176
1011117,8315,Robert Navarro,3.9,2.1,Athletic Club,50.7,La Liga,0.07692307692307691,0.04142011834319526
676533,8603,Aitor Ruibal,3.8,1.6,Real Betis,55.6,La Liga,0.06834532374100719,0.02877697841726619
50047,8302,Alexis Sánchez,3.8,1.7,Sevilla,39.3,La Liga,0.09669211195928754,0.04325699745547074
924300,8370,Alemão,3.7,0.2,Rayo Vallecano,53.2,La Liga,0.06954887218045112,0.0037593984962406013
1326043,7732,Joel Roca,3.7,2.1,Girona,48.2,La Liga,0.07676348547717843,0.043568464730290454
955271,9906,Thiago Almada,3.7,2.8,Atletico Madrid,58.9,La Liga,0.06281833616298813,0.04753820033955857
1229177,9866,Carlos Vicente,3.6,2.6,Deportivo Alaves,46.9,La Liga,0.0767590618336887,0.05543710021321962
673689,10267,Pepelu,3.6,2.1,Valencia,49.2,La Liga,0.07317073170731707,0.04268292682926829
1323510,8670,Alberto Reina,3.5,2.5,Real Oviedo,35.8,La Liga,0.09776536312849163,0.06983240223463688
590494,10267,Umar Sadiq,3.5,1.5,Valencia,49.2,La Liga,0.07113821138211382,0.03048780487804878
846966,8558,Javi Puado,3.5,0.8,Espanyol,48.9,La Liga,0.07157464212678936,0.016359918200409
1073143,7732,Azzedine Ounahi,3.4,4.4,Girona,48.2,La Liga,0.07053941908713693,0.09128630705394192
1284429,10267,Javier Guerra,3.4,2.8,Valencia,49.2,La Liga,0.06910569105691056,0.05691056910569105
201939,8603,Cédric Bakambu,3.4,0.5,Real Betis,55.6,La Liga,0.06115107913669064,0.008992805755395683
1338740,10205,Tani Oluwaseyi,3.4,0.5,Villarreal,59.0,La Liga,0.0576271186440678,0.00847457627118644
872396,8370,Pathé Ciss,3.3,0.4,Rayo Vallecano,53.2,La Liga,0.06203007518796992,0.007518796992481203
1286471,8581,Roger Brugué,3.3,1.3,Levante,52.5,La Liga,0.06285714285714285,0.024761904761904763
860752,8302,Rubén Vargas,3.2,2.4,Sevilla,39.3,La Liga,0.08142493638676845,0.06106870229007634
980422,8370,Sergio Camello,3.1,0.9,Rayo Vallecano,53.2,La Liga,0.05827067669172932,0.016917293233082706
635772,8305,Borja Mayoral,3.1,0.3,Getafe,30.6,La Liga,0.10130718954248366,0.00980392156862745
1607566,8633,Franco Mastantuono,3.1,2.3,Real Madrid,77.9,La Liga,0.03979460847240051,0.029525032092426184
51545,8670,José Salomon Rondon,3.0,0.3,Real Oviedo,35.8,La Liga,0.08379888268156425,0.008379888268156424
940573,8634,Eric García,3.0,2.4,Barcelona,86.7,La Liga,0.03460207612456747,0.027681660899653977
743533,8633,Federico Valverde,2.9,4.7,Real Madrid,77.9,La Liga,0.03722721437740693,0.06033376123234916
970692,7732,Bryan Gil,2.9,2.7,Girona,48.2,La Liga,0.060165975103734434,0.056016597510373446
1395964,8558,Carlos Romero,2.8,3.4,Espanyol,48.9,La Liga,0.05725971370143149,0.06952965235173825
169586,8558,Leandro Cabrera,2.8,1.6,Espanyol,48.9,La Liga,0.05725971370143149,0.032719836400818
708890,8560,Carlos Soler,2.7,3.9,Real Sociedad,54.4,La Liga,0.049632352941176475,0.07169117647058823
1284434,10267,Diego López,2.7,2.2,Valencia,49.2,La Liga,0.054878048780487805,0.044715447154471545
1308414,9910,Hugo Álvarez,2.7,1.9,Celta Vigo,49.5,La Liga,0.05454545454545455,0.03838383838383838
814663,8371,Alejandro Catena,2.7,1.1,Osasuna,46.0,La Liga,0.058695652173913045,0.02391304347826087
1209980,8581,Carlos Álvarez,2.7,4.1,Levante,52.5,La Liga,0.051428571428571435,0.07809523809523809
914458,8633,Aurélien Tchouaméni,2.7,3.0,Real Madrid,77.9,La Liga,0.03465982028241335,0.03851091142490372
637756,9866,Carles Aleñá,2.7,3.4,Deportivo Alaves,46.9,La Liga,0.05756929637526653,0.07249466950959488
1102708,10268,Germán Valera,2.6,5.3,Elche,42.6,La Liga,0.06103286384976526,0.1244131455399061
1002618,8560,Ander Barrenetxea,2.6,4.7,Real Sociedad,54.4,La Liga,0.04779411764705883,0.08639705882352942
1379196,9910,Jones El-Abdellaoui,2.6,0.6,Celta Vigo,49.5,La Liga,0.05252525252525253,0.012121212121212121
1321605,8305,Mario Martín,2.6,1.0,Getafe,30.6,La Liga,0.08496732026143791,0.032679738562091505
895362,8633,Rodrygo,2.6,2.1,Real Madrid,77.9,La Liga,0.03337612323491656,0.026957637997432605
915264,8370,Randy Nteka,2.5,0.1,Rayo Vallecano,53.2,La Liga,0.046992481203007516,0.0018796992481203006
604126,8603,Giovani Lo Celso,2.5,2.4,Real Betis,55.6,La Liga,0.044964028776978415,0.043165467625899276
1181101,8558,Tyrhys Dolan,2.5,4.3,Espanyol,48.9,La Liga,0.05112474437627812,0.08793456032719836
384413,8371,Rubén Garcia,2.4,4.9,Osasuna,46.0,La Liga,0.05217391304347826,0.10652173913043479
848289,8560,Takefusa Kubo,2.4,3.5,Real Sociedad,54.4,La Liga,0.04411764705882353,0.06433823529411765
39591,7732,Axel Witsel,2.4,1.2,Girona,48.2,La Liga,0.04979253112033195,0.024896265560165973
1131957,8581,Jon Olasagasti,2.4,3.2,Levante,52.5,La Liga,0.045714285714285714,0.06095238095238095
638070,10267,Luis Rioja,2.3,4.7,Valencia,49.2,La Liga,0.04674796747967479,0.09552845528455284
1367619,8633,Dean Huijsen,2.3,1.2,Real Madrid,77.9,La Liga,0.029525032092426184,0.015404364569961488
184521,8370,Florian Lejeune,2.3,0.4,Rayo Vallecano,53.2,La Liga,0.043233082706766915,0.007518796992481203
1690093,8661,Jan Virgili,2.3,2.4,Mallorca,43.5,La Liga,0.052873563218390804,0.05517241379310345
1200941,9866,Abderrahman Rebbach,2.3,3.4,Deportivo Alaves,46.9,La Liga,0.04904051172707889,0.07249466950959488
837089,8558,Edu Expósito,2.3,6.8,Espanyol,48.9,La Liga,0.047034764826175864,0.1390593047034765
1184777,8558,Jofre Carreras,2.3,1.4,Espanyol,48.9,La Liga,0.047034764826175864,0.028629856850715747
970578,8370,Andrei Ratiu,2.3,4.5,Rayo Vallecano,53.2,La Liga,0.043233082706766915,0.08458646616541353
671686,10268,Aleix Febas,2.2,3.1,Elche,42.6,La Liga,0.051643192488262914,0.07276995305164319
1284430,8370,Fran Pérez,2.2,1.4,Rayo Vallecano,53.2,La Liga,0.041353383458646614,0.02631578947368421
1486264,7732,Claudio Echeverri,2.2,0.7,Girona,48.2,La Liga,0.04564315352697096,0.014522821576763484
477472,8581,José Luis Morales,2.2,0.5,Levante,52.5,La Liga,0.04190476190476191,0.009523809523809525
196169,9910,Marcos Alonso,2.2,2.0,Celta Vigo,49.5,La Liga,0.044444444444444446,0.04040404040404041
1072200,8603,Rodrigo Riquelme,2.2,1.2,Real Betis,55.6,La Liga,0.03956834532374101,0.021582733812949638
640238,8670,Nacho Vidal,2.2,0.8,Real Oviedo,35.8,La Liga,0.06145251396648046,0.022346368715083803
1026135,10205,Tajon Buchanan,2.1,2.0,Villarreal,59.0,La Liga,0.03559322033898305,0.03389830508474576
1541825,8305,Adrián Liso,2.1,0.3,Getafe,30.6,La Liga,0.06862745098039216,0.00980392156862745
1436270,8315,Unai Gómez,2.1,1.0,Athletic Club,50.7,La Liga,0.04142011834319526,0.01972386587771203
1215735,8305,Luis Vázquez,2.0,0.3,Getafe,30.6,La Liga,0.06535947712418301,0.00980392156862745
959597,8560,Luka Sucic,2.0,0.6,Real Sociedad,54.4,La Liga,0.03676470588235294,0.011029411764705883
784241,8661,Manu Morlanes,2.0,1.4,Mallorca,43.5,La Liga,0.04597701149425287,0.03218390804597701
942372,9906,Álex Baena,2.0,6.1,Atletico Madrid,58.9,La Liga,0.03395585738539898,0.10356536502546689
1523234,8560,Jon Martín,2.0,0.2,Real Sociedad,54.4,La Liga,0.03676470588235294,0.0036764705882352945
977618,8581,Víctor García,2.0,1.1,Levante,52.5,La Liga,0.0380952380952381,0.020952380952380955
1202525,9910,Bryan Zaragoza,2.0,2.9,Celta Vigo,49.5,La Liga,0.04040404040404041,0.05858585858585858
282472,8661,Sergi Darder,2.0,4.9,Mallorca,43.5,La Liga,0.04597701149425287,0.11264367816091955
430856,8661,Takuma Asano,2.0,1.1,Mallorca,43.5,La Liga,0.04597701149425287,0.025287356321839084
921825,8371,Jon Moncayola,2.0,3.6,Osasuna,46.0,La Liga,0.043478260869565216,0.0782608695652174
602563,9906,Marcos Llorente,2.0,3.8,Atletico Madrid,58.9,La Liga,0.03395585738539898,0.06451612903225806
468931,7732,Thomas Lemar,1.9,1.5,Girona,48.2,La Liga,0.03941908713692946,0.031120331950207466
1249284,8560,Jon Aramburu,1.9,0.9,Real Sociedad,54.4,La Liga,0.034926470588235295,0.016544117647058824
923298,8581,Pablo Martínez,1.9,4.6,Levante,52.5,La Liga,0.03619047619047619,0.08761904761904761
1311915,8370,Ilias Akhomach,1.9,0.9,Rayo Vallecano,53.2,La Liga,0.03571428571428571,0.016917293233082706
707970,8302,Djibril Sow,1.8,1.8,Sevilla,39.3,La Liga,0.04580152671755726,0.04580152671755726
926643,10205,Alfon González,1.8,0.4,Villarreal,59.0,La Liga,0.030508474576271188,0.006779661016949153
844415,8633,Éder Militao,1.8,0.7,Real Madrid,77.9,La Liga,0.023106546854942234,0.008985879332477534
1104401,9866,Ibrahim Diabate,1.8,0.1,Deportivo Alaves,46.9,La Liga,0.03837953091684435,0.0021321961620469087
1553099,8315,Mikel Jauregizar,1.8,2.5,Athletic Club,50.7,La Liga,0.03550295857988166,0.049309664694280074
391064,8302,Neal Maupay,1.8,0.4,Sevilla,39.3,La Liga,0.04580152671755726,0.010178117048346057
750027,8633,Brahim Díaz,1.8,2.5,Real Madrid,77.9,La Liga,0.023106546854942234,0.03209242618741977
1338192,9906,Pablo Barrios,1.8,2.1,Atletico Madrid,58.9,La Liga,0.030560271646859084,0.035653650254668934
839232,8558,Fernando Calero,1.8,0.2,Espanyol,48.9,La Liga,0.03680981595092025,0.00408997955010225
678192,9866,Jon Guridi,1.8,0.4,Deportivo Alaves,46.9,La Liga,0.03837953091684435,0.008528784648187635
1233404,8661,Pablo Torre,1.7,2.9,Mallorca,43.5,La Liga,0.03908045977011494,0.06666666666666667
1082930,8581,Iker Losada,1.7,0.9,Levante,52.5,La Liga,0.03238095238095238,0.017142857142857144
705450,8634,Jules Koundé,1.7,3.4,Barcelona,86.7,La Liga,0.0196078431372549,0.0392156862745098
1054786,8371,Aimar Oroz,1.7,3.2,Osasuna,46.0,La Liga,0.03695652173913044,0.06956521739130435
474589,9906,José Giménez,1.7,0.4,Atletico Madrid,58.9,La Liga,0.028862478777589132,0.006791171477079797
715069,8370,Pedro Díaz,1.7,1.6,Rayo Vallecano,53.2,La Liga,0.03195488721804511,0.03007518796992481
1194892,7732,Arnau Martínez,1.6,1.8,Girona,48.2,La Liga,0.03319502074688797,0.03734439834024896
860314,9866,Nahuel Tenaglia,1.6,0.5,Deportivo Alaves,46.9,La Liga,0.03411513859275054,0.010660980810234541
1428427,8370,Nobel Mendy,1.6,0.2,Rayo Vallecano,53.2,La Liga,0.03007518796992481,0.0037593984962406013
526968,8370,Pacha Espino,1.6,2.4,Rayo Vallecano,53.2,La Liga,0.03007518796992481,0.045112781954887216
1083323,8634,Pedri,1.6,5.4,Barcelona,86.7,La Liga,0.01845444059976932,0.06228373702422146
1106742,9910,Sergio Carreira,1.6,2.0,Celta Vigo,49.5,La Liga,0.03232323232323232,0.04040404040404041
837270,8302,Chidera Ejuke,1.6,0.9,Sevilla,39.3,La Liga,0.04071246819338423,0.02290076335877863
361724,8603,Ezequiel Ávila,1.6,0.6,Real Betis,55.6,La Liga,0.02877697841726619,0.010791366906474819
1573122,9910,Fer López,1.6,1.5,Celta Vigo,49.5,La Liga,0.03232323232323232,0.030303030303030304
1419969,9906,Rodrigo Mendoza,1.6,1.1,Atletico Madrid,58.9,La Liga,0.027164685908319188,0.018675721561969442
1580952,7732,Vitor Reis,1.6,0.4,Girona,48.2,La Liga,0.03319502074688797,0.008298755186721992
411617,8315,Aymeric Laporte,1.6,0.3,Athletic Club,50.7,La Liga,0.03155818540433925,0.005917159763313609
971787,8670,Haissem Hassan,1.6,3.2,Real Oviedo,35.8,La Liga,0.044692737430167606,0.08938547486033521
303879,8371,Lucas Torró,1.6,0.8,Osasuna,46.0,La Liga,0.034782608695652174,0.017391304347826087
1327489,8302,Kike Salas,1.5,0.6,Sevilla,39.3,La Liga,0.03816793893129771,0.015267175572519085
1202587,8558,Ramón Terrats,1.5,1.1,Espanyol,48.9,La Liga,0.03067484662576687,0.022494887525562373
477588,7732,Álex Moreno,1.5,2.1,Girona,48.2,La Liga,0.031120331950207466,0.043568464730290454
896402,10267,José Copete,1.5,0.6,Valencia,49.2,La Liga,0.03048780487804878,0.012195121951219511
921253,8634,Ronald Araujo,1.4,0.4,Barcelona,86.7,La Liga,0.016147635524798153,0.00461361014994233
845998,9866,Antonio Blanco,1.4,1.9,Deportivo Alaves,46.9,La Liga,0.029850746268656716,0.04051172707889126
1109046,9910,Ilaix Moriba,1.4,1.7,Celta Vigo,49.5,La Liga,0.02828282828282828,0.03434343434343434
1580704,8305,Christantus Uche,1.4,0.5,Getafe,30.6,La Liga,0.0457516339869281,0.016339869281045753
640220,8603,Marc Roca,1.4,1.3,Real Betis,55.6,La Liga,0.02517985611510791,0.023381294964028777
1315475,8634,Roony Bardghji,1.4,1.9,Barcelona,86.7,La Liga,0.016147635524798153,0.021914648212226065
1662379,8603,Pablo García,1.4,0.1,Real Betis,55.6,La Liga,0.02517985611510791,0.0017985611510791368
282692,7732,Portu,1.4,0.6,Girona,48.2,La Liga,0.02904564315352697,0.012448132780082987
1310440,9910,Javi Rueda,1.3,2.8,Celta Vigo,49.5,La Liga,0.026262626262626265,0.05656565656565656
178753,8302,Nemanja Gudelj,1.3,0.4,Sevilla,39.3,La Liga,0.033078880407124686,0.010178117048346057
1575945,8302,Oso,1.3,1.4,Sevilla,39.3,La Liga,0.033078880407124686,0.035623409669211195
988197,8315,Urko Izeta,1.3,0.3,Athletic Club,50.7,La Liga,0.02564102564102564,0.005917159763313609
1282015,8370,Carlos Martín,1.3,0.2,Rayo Vallecano,53.2,La Liga,0.02443609022556391,0.0037593984962406013
727897,9906,Dávid Hancko,1.3,2.1,Atletico Madrid,58.9,La Liga,0.022071307300509338,0.035653650254668934
705484,10267,Eray Cömert,1.2,0.5,Valencia,49.2,La Liga,0.024390243902439022,0.01016260162601626
1580528,8633,Raúl Asencio,1.2,0.7,Real Madrid,77.9,La Liga,0.015404364569961488,0.008985879332477534
940743,8315,Daniel Vivian,1.2,0.8,Athletic Club,50.7,La Liga,0.023668639053254437,0.015779092702169626
557799,8560,Duje Caleta-Car,1.2,0.6,Real Sociedad,54.4,La Liga,0.022058823529411766,0.011029411764705883
1015185,8633,Eduardo Camavinga,1.2,2.1,Real Madrid,77.9,La Liga,0.015404364569961488,0.026957637997432605
638622,8634,Frenkie de Jong,1.2,3.7,Barcelona,86.7,La Liga,0.013840830449826988,0.042675893886966555
654091,10268,Grady Diangana,1.2,0.6,Elche,42.6,La Liga,0.02816901408450704,0.01408450704225352
638090,8305,Luis Milla,1.2,6.3,Getafe,30.6,La Liga,0.0392156862745098,0.20588235294117646
1304120,8670,Alex Forés,1.2,0.1,Real Oviedo,35.8,La Liga,0.0335195530726257,0.0027932960893854754
1875615,8581,Kareem Tunde,1.2,0.3,Levante,52.5,La Liga,0.022857142857142857,0.005714285714285714
1293912,8560,Pablo Marín,1.2,1.3,Real Sociedad,54.4,La Liga,0.022058823529411766,0.023897058823529414
1191407,8315,Aitor Paredes,1.1,0.5,Athletic Club,50.7,La Liga,0.021696252465483234,0.009861932938856016
966027,9906,Conor Gallagher,1.1,0.5,Atletico Madrid,58.9,La Liga,0.018675721561969442,0.008488964346349746
629594,10205,Alfonso Pedraza,1.1,2.7,Villarreal,59.0,La Liga,0.01864406779661017,0.04576271186440678
1078729,8302,Batista Mendy,1.1,0.5,Sevilla,39.3,La Liga,0.027989821882951658,0.012722646310432571
1102289,8305,Juan Iglesias,1.1,1.8,Getafe,30.6,La Liga,0.03594771241830066,0.058823529411764705
1425206,8315,Maroan Sannadi,1.1,0.1,Athletic Club,50.7,La Liga,0.021696252465483234,0.0019723865877712033
1407468,10205,Santiago Mouriño,1.1,0.5,Villarreal,59.0,La Liga,0.01864406779661017,0.00847457627118644
844477,8560,Sergio Gómez,1.1,5.7,Real Sociedad,54.4,La Liga,0.02022058823529412,0.10477941176470588
586768,10267,Guido Rodríguez,1.0,0.8,Valencia,49.2,La Liga,0.02032520325203252,0.016260162601626015
839750,8581,Kervin Arriaga,1.0,1.0,Levante,52.5,La Liga,0.01904761904761905,0.01904761904761905
1573126,8634,Marc Bernal,1.0,0.6,Barcelona,86.7,La Liga,0.011534025374855825,0.006920415224913494
1132607,8302,Peque Fernández,1.0,0.7,Sevilla,39.3,La Liga,0.025445292620865142,0.017811704834605598
1563022,9866,Ángel Pérez,1.0,2.1,Deportivo Alaves,46.9,La Liga,0.021321961620469083,0.04477611940298508
75307,10205,Dani Parejo,1.0,1.4,Villarreal,59.0,La Liga,0.01694915254237288,0.02372881355932203
282281,9866,Denis Suárez,1.0,1.7,Deportivo Alaves,46.9,La Liga,0.021321961620469083,0.03624733475479744
1187734,8371,Flavien Boyomo,1.0,1.0,Osasuna,46.0,La Liga,0.021739130434782608,0.021739130434782608
864154,8581,Goduine Koyalipou,1.0,0.2,Levante,52.5,La Liga,0.01904761904761905,0.0038095238095238095
191315,8603,Isco,1.0,0.5,Real Betis,55.6,La Liga,0.017985611510791366,0.008992805755395683
443966,8581,Jeremy Toljan,1.0,4.1,Levante,52.5,La Liga,0.01904761904761905,0.07809523809523809
956622,8370,Óscar Valentín,1.0,1.3,Rayo Vallecano,53.2,La Liga,0.018796992481203006,0.02443609022556391
1059657,10205,Sergi Cardona,1.0,2.6,Villarreal,59.0,La Liga,0.01694915254237288,0.04406779661016949
1175610,8560,Arsen Zakharyan,1.0,1.3,Real Sociedad,54.4,La Liga,0.01838235294117647,0.023897058823529414
800615,10267,Filip Ugrinic,1.0,2.7,Valencia,49.2,La Liga,0.02032520325203252,0.054878048780487805
1384883,8634,Marc Casadó,1.0,0.7,Barcelona,86.7,La Liga,0.011534025374855825,0.008073817762399077
1605748,8581,Matías Moreno,1.0,0.8,Levante,52.5,La Liga,0.01904761904761905,0.015238095238095238
1056071,9866,Victor Parada,1.0,1.5,Deportivo Alaves,46.9,La Liga,0.021321961620469083,0.031982942430703626
574624,8371,Enrique Barja,0.9,1.4,Osasuna,46.0,La Liga,0.01956521739130435,0.03043478260869565
276738,8633,Antonio Rüdiger,0.9,0.6,Real Madrid,77.9,La Liga,0.011553273427471117,0.007702182284980744
1073980,10268,David Affengruber,0.9,1.6,Elche,42.6,La Liga,0.02112676056338028,0.03755868544600939
954962,8670,David Carmo,0.9,0.5,Real Oviedo,35.8,La Liga,0.025139664804469275,0.013966480446927375
479217,8670,David Costas,0.9,0.2,Real Oviedo,35.8,La Liga,0.025139664804469275,0.005586592178770951
420568,8603,Diego Llorente,0.9,0.1,Real Betis,55.6,La Liga,0.01618705035971223,0.0017985611510791368
566425,8305,Domingos Duarte,0.9,0.4,Getafe,30.6,La Liga,0.029411764705882353,0.013071895424836602
1427819,7732,Hugo Rincón,0.9,1.0,Girona,48.2,La Liga,0.01867219917012448,0.02074688796680498
1280756,10268,Lucas Cepeda,0.9,0.7,Elche,42.6,La Liga,0.02112676056338028,0.016431924882629106
971790,8302,Lucien Agoumé,0.9,1.5,Sevilla,39.3,La Liga,0.02290076335877863,0.03816793893129771
1323897,9906,Marc Pubill,0.9,0.6,Atletico Madrid,58.9,La Liga,0.015280135823429542,0.010186757215619695
1359911,9910,Miguel Román,0.9,1.4,Celta Vigo,49.5,La Liga,0.01818181818181818,0.02828282828282828
1118199,8305,Zaid Abner Romero,0.9,0.1,Getafe,30.6,La Liga,0.029411764705882353,0.0032679738562091504
245311,8661,Abdón Prats,0.9,0.1,Mallorca,43.5,La Liga,0.020689655172413793,0.0022988505747126436
967871,7732,Iván Martin,0.9,2.1,Girona,48.2,La Liga,0.01867219917012448,0.043568464730290454
1242132,8560,Jon Karrikaburu,0.9,0.0,Real Sociedad,54.4,La Liga,0.016544117647058824,0.0
687568,8670,Lucas Ahijado,0.9,1.1,Real Oviedo,35.8,La Liga,0.025139664804469275,0.03072625698324023
571615,8370,Unai López,0.9,1.5,Rayo Vallecano,53.2,La Liga,0.016917293233082706,0.02819548872180451
1226189,10268,Martim Neto,0.8,2.7,Elche,42.6,La Liga,0.018779342723004695,0.06338028169014084
750031,8558,Pol Lozano,0.8,2.2,Espanyol,48.9,La Liga,0.016359918200409,0.044989775051124746
743720,8558,Charles Pickel,0.8,0.1,Espanyol,48.9,La Liga,0.016359918200409,0.002044989775051125
750028,8633,Fran García,0.8,0.6,Real Madrid,77.9,La Liga,0.010269576379974325,0.007702182284980744
1323827,8560,Jon Gorrotxategi,0.8,0.6,Real Sociedad,54.4,La Liga,0.014705882352941178,0.011029411764705883
1281461,8302,José Ángel Carmona,0.8,1.9,Sevilla,39.3,La Liga,0.020356234096692113,0.04834605597964377
391058,10267,José Gayà,0.8,2.5,Valencia,49.2,La Liga,0.016260162601626015,0.0508130081300813
424129,8670,Leander Dendoncker,0.8,0.5,Real Oviedo,35.8,La Liga,0.022346368715083803,0.013966480446927375
1052330,8581,Manuel Sánchez,0.8,1.8,Levante,52.5,La Liga,0.015238095238095238,0.03428571428571429
195305,8603,Marc Bartra,0.8,0.4,Real Betis,55.6,La Liga,0.014388489208633094,0.007194244604316547
1338016,8603,Valentín Gómez,0.8,0.7,Real Betis,55.6,La Liga,0.014388489208633094,0.012589928057553955
1112511,7732,Alejandro Francés,0.8,1.6,Girona,48.2,La Liga,0.016597510373443983,0.03319502074688797
1210647,8560,Beñat Turrientes,0.8,0.7,Real Sociedad,54.4,La Liga,0.014705882352941178,0.012867647058823529
522234,8370,Gerard Gumbau,0.8,2.2,Rayo Vallecano,53.2,La Liga,0.015037593984962405,0.041353383458646614
1158512,8302,Juanlu Sánchez,0.8,2.9,Sevilla,39.3,La Liga,0.020356234096692113,0.07379134860050891
521846,8661,Martin Valjent,0.8,0.3,Mallorca,43.5,La Liga,0.01839080459770115,0.006896551724137931
1132940,8670,Thiago Borbas,0.8,0.0,Real Oviedo,35.8,La Liga,0.022346368715083803,0.0
1403692,9866,Youssef Enriquez,0.8,2.5,Deportivo Alaves,46.9,La Liga,0.01705756929637527,0.05330490405117271
184533,9906,Koke,0.7,4.5,Atletico Madrid,58.9,La Liga,0.011884550084889643,0.07640067911714771
785511,7732,Fran Beltrán,0.7,1.0,Girona,48.2,La Liga,0.014522821576763484,0.02074688796680498
282462,8315,Íñigo Ruíz de Galarreta,0.7,3.6,Athletic Club,50.7,La Liga,0.01380670611439842,0.07100591715976332
1217644,10268,John Donald,0.7,0.1,Elche,42.6,La Liga,0.016431924882629106,0.002347417840375587
175311,8305,Kiko,0.7,1.3,Getafe,30.6,La Liga,0.02287581699346405,0.042483660130718956
859764,8670,Luka Ilic,0.7,0.5,Real Oviedo,35.8,La Liga,0.019553072625698324,0.013966480446927375
938564,8558,Miguel Rubio,0.7,0.0,Espanyol,48.9,La Liga,0.014314928425357873,0.0
1203614,8315,Nico Serrano,0.7,1.1,Athletic Club,50.7,La Liga,0.01380670611439842,0.021696252465483234
291635,10268,Pedro Bigas,0.7,1.3,Elche,42.6,La Liga,0.016431924882629106,0.03051643192488263
693736,8581,Unai Elgezabal,0.7,0.4,Levante,52.5,La Liga,0.013333333333333332,0.007619047619047619
763970,8371,Valentin Rosier,0.7,2.0,Osasuna,46.0,La Liga,0.015217391304347825,0.043478260869565216
1553663,9866,Aitor Mañas,0.7,0.0,Deportivo Alaves,46.9,La Liga,0.014925373134328358,0.0
951743,9906,Giacomo Raspadori,0.7,0.6,Atletico Madrid,58.9,La Liga,0.011884550084889643,0.010186757215619695
1435439,9910,Javi Rodríguez,0.7,0.8,Celta Vigo,49.5,La Liga,0.01414141414141414,0.01616161616161616
753593,8302,Marcão,0.7,0.1,Sevilla,39.3,La Liga,0.017811704834605598,0.002544529262086514
434325,10205,Thomas Partey,0.7,0.4,Villarreal,59.0,La Liga,0.011864406779661016,0.006779661016949153
1187767,8558,Urko González,0.7,0.7,Espanyol,48.9,La Liga,0.014314928425357873,0.014314928425357873
1490110,10268,Héctor Fort,0.6,0.2,Elche,42.6,La Liga,0.01408450704225352,0.004694835680751174
1323398,8371,Abel Bretones,0.6,1.8,Osasuna,46.0,La Liga,0.013043478260869565,0.0391304347826087
927646,10268,Adrià Pedrosa,0.6,1.8,Elche,42.6,La Liga,0.01408450704225352,0.04225352112676056
1412942,8581,Alan Matturro,0.6,0.4,Levante,52.5,La Liga,0.011428571428571429,0.007619047619047619
1425769,8315,Alejandro Rego,0.6,1.3,Athletic Club,50.7,La Liga,0.011834319526627219,0.02564102564102564
1323022,8371,Iker Benito,0.6,0.5,Osasuna,46.0,La Liga,0.013043478260869565,0.010869565217391304
952095,9910,Óscar Mingueza,0.6,4.4,Celta Vigo,49.5,La Liga,0.012121212121212121,0.08888888888888889
988805,8370,Pep Chavarría,0.6,3.3,Rayo Vallecano,53.2,La Liga,0.011278195488721804,0.06203007518796992
609516,9906,Robin Le Normand,0.6,0.3,Atletico Madrid,58.9,La Liga,0.010186757215619695,0.0050933786078098476
1254166,8634,Alejandro Balde,0.6,2.1,Barcelona,86.7,La Liga,0.006920415224913494,0.02422145328719723
777028,10267,André Almeida,0.6,1.9,Valencia,49.2,La Liga,0.012195121951219511,0.038617886178861784
497662,9910,Carl Starfelt,0.6,0.1,Celta Vigo,49.5,La Liga,0.012121212121212121,0.00202020202020202
1311985,10267,César Tárrega,0.6,0.1,Valencia,49.2,La Liga,0.012195121951219511,0.002032520325203252
215584,7732,David López,0.6,0.0,Girona,48.2,La Liga,0.012448132780082987,0.0
261609,10267,Dimitri Foulquier,0.6,0.3,Valencia,49.2,La Liga,0.012195121951219511,0.0060975609756097554
708457,10268,Léo Pétrot,0.6,0.3,Elche,42.6,La Liga,0.01408450704225352,0.00704225352112676
686460,8670,Santiago Colombatto,0.6,2.0,Real Oviedo,35.8,La Liga,0.01675977653631285,0.0558659217877095
1277380,7732,Yáser Asprilla,0.6,1.4,Girona,48.2,La Liga,0.012448132780082987,0.02904564315352697
80295,8315,Yuri Berchiche,0.6,4.7,Athletic Club,50.7,La Liga,0.011834319526627219,0.09270216962524655
1089744,8661,Zito Luvumbo,0.6,0.8,Mallorca,43.5,La Liga,0.013793103448275862,0.01839080459770115
1190025,8633,Alvaro Carreras,0.5,1.5,Real Madrid,77.9,La Liga,0.006418485237483953,0.01925545571245186
361757,8634,João Cancelo,0.5,2.0,Barcelona,86.7,La Liga,0.0057670126874279125,0.02306805074971165
726345,9906,Nahuel Molina,0.5,1.6,Atletico Madrid,58.9,La Liga,0.008488964346349746,0.027164685908319188
999159,8560,Aihen Muñoz,0.5,0.5,Real Sociedad,54.4,La Liga,0.009191176470588236,0.009191176470588236
895954,8603,Álvaro Fidalgo,0.5,0.2,Real Betis,55.6,La Liga,0.008992805755395683,0.0035971223021582736
636570,8560,Álvaro Odriozola,0.5,0.4,Real Sociedad,54.4,La Liga,0.009191176470588236,0.007352941176470589
561198,10267,Mouctar Diakhaby,0.5,0.1,Valencia,49.2,La Liga,0.01016260162601626,0.002032520325203252
1532137,8634,Pau Cubarsí,0.5,0.7,Barcelona,86.7,La Liga,0.0057670126874279125,0.008073817762399077
801213,10268,Tete Morente,0.5,0.9,Elche,42.6,La Liga,0.011737089201877934,0.02112676056338028
1192393,10268,Victor Chust,0.5,0.9,Elche,42.6,La Liga,0.011737089201877934,0.02112676056338028
1136450,8305,Abu Kamara,0.5,0.1,Getafe,30.6,La Liga,0.016339869281045753,0.0032679738562091504
640231,8661,Antonio Raíllo,0.5,0.6,Mallorca,43.5,La Liga,0.011494252873563218,0.013793103448275862
1254217,9910,Carlos Domínguez,0.5,0.1,Celta Vigo,49.5,La Liga,0.010101010101010102,0.00202020202020202
994403,8558,Cyril Ngonge,0.5,1.0,Espanyol,48.9,La Liga,0.010224948875255624,0.02044989775051125
659490,8302,Gabriel Suazo,0.5,4.3,Sevilla,39.3,La Liga,0.012722646310432571,0.10941475826972011
1315828,8661,Javi Llabrés,0.5,0.1,Mallorca,43.5,La Liga,0.011494252873563218,0.0022988505747126436
1159181,8670,Javi López,0.5,1.5,Real Oviedo,35.8,La Liga,0.013966480446927375,0.04189944134078213
474673,8661,Johan Mojica,0.5,3.5,Mallorca,43.5,La Liga,0.011494252873563218,0.08045977011494253
360918,9866,Jonny Otto,0.5,1.9,Deportivo Alaves,46.9,La Liga,0.010660980810234541,0.04051172707889126
743192,8603,Junior Firpo,0.5,0.7,Real Betis,55.6,La Liga,0.008992805755395683,0.012589928057553955
1188375,8603,Natan,0.5,0.2,Real Betis,55.6,La Liga,0.008992805755395683,0.0035971223021582736
1315711,8603,Nelson Deossa,0.5,0.3,Real Betis,55.6,La Liga,0.008992805755395683,0.0053956834532374095
914401,8581,Oriol Rey,0.5,0.5,Levante,52.5,La Liga,0.009523809523809525,0.009523809523809525
1649293,8581,Paco Cortés,0.5,0.6,Levante,52.5,La Liga,0.009523809523809525,0.011428571428571429
1553404,9906,Rayane Belaid,0.5,0.2,Atletico Madrid,58.9,La Liga,0.008488964346349746,0.0033955857385398985
1070617,8302,Tanguy Nianzou,0.5,0.0,Sevilla,39.3,La Liga,0.012722646310432571,0.0
1460063,8670,Thiago Fernández,0.5,2.4,Real Oviedo,35.8,La Liga,0.013966480446927375,0.0670391061452514
427438,8603,Héctor Bellerín,0.4,2.9,Real Betis,55.6,La Liga,0.007194244604316547,0.05215827338129496
1334767,8302,Andrés Lopez,0.4,0.2,Sevilla,39.3,La Liga,0.010178117048346057,0.005089058524173028
1431121,8371,Asier Osambela,0.4,0.1,Osasuna,46.0,La Liga,0.008695652173913044,0.002173913043478261
478105,10267,Baptiste Santamaría,0.4,0.8,Valencia,49.2,La Liga,0.008130081300813007,0.016260162601626015
1586390,9906,Iker Luque,0.4,0.0,Atletico Madrid,58.9,La Liga,0.006791171477079797,0.0
822237,10205,Manor Solomon,0.4,0.4,Villarreal,59.0,La Liga,0.006779661016949153,0.006779661016949153
673356,8661,Pablo Maffeo,0.4,1.9,Mallorca,43.5,La Liga,0.009195402298850575,0.04367816091954023
1313884,10205,Rafa Marín,0.4,0.7,Villarreal,59.0,La Liga,0.006779661016949153,0.011864406779661016
1323207,8305,Álex Sancris,0.4,1.0,Getafe,30.6,La Liga,0.013071895424836602,0.032679738562091505
1055327,8661,Antonio Sánchez,0.4,1.0,Mallorca,43.5,La Liga,0.009195402298850575,0.022988505747126436
607148,8560,Aritz Elustondo,0.4,0.1,Real Sociedad,54.4,La Liga,0.007352941176470589,0.0018382352941176473
488412,9906,Clément Lenglet,0.4,0.4,Atletico Madrid,58.9,La Liga,0.006791171477079797,0.006791171477079797
784246,10267,Dani Raba,0.4,0.4,Valencia,49.2,La Liga,0.008130081300813007,0.008130081300813007
282674,8633,Daniel Carvajal,0.4,2.0,Real Madrid,77.9,La Liga,0.005134788189987163,0.025673940949935813
1418118,9866,Diego Morcillo,0.4,0.0,Deportivo Alaves,46.9,La Liga,0.008528784648187635,0.0
264885,8370,Iván Balliu,0.4,0.3,Rayo Vallecano,53.2,La Liga,0.007518796992481203,0.005639097744360902
616531,8305,Javi Muñoz,0.4,0.8,Getafe,30.6,La Liga,0.013071895424836602,0.026143790849673203
243419,8371,Juan Cruz,0.4,0.2,Osasuna,46.0,La Liga,0.008695652173913044,0.004347826086956522
948745,8670,Kwasi Sibo,0.4,0.2,Real Oviedo,35.8,La Liga,0.011173184357541902,0.005586592178770951
672840,8370,Luiz Felipe,0.4,0.0,Rayo Vallecano,53.2,La Liga,0.007518796992481203,0.0
262592,8371,Moi Gómez,0.4,1.8,Osasuna,46.0,La Liga,0.008695652173913044,0.0391304347826087
950599,8670,Nicolás Fonseca,0.4,0.3,Real Oviedo,35.8,La Liga,0.011173184357541902,0.008379888268156424
37436,8670,Santi Cazorla,0.4,2.2,Real Oviedo,35.8,La Liga,0.011173184357541902,0.06145251396648046
1414777,8305,Sebastián Boselli,0.4,0.1,Getafe,30.6,La Liga,0.013071895424836602,0.0032679738562091504
1796908,8633,Thiago Pitarch,0.4,0.4,Real Madrid,77.9,La Liga,0.005134788189987163,0.005134788189987163
992052,10267,Thierry Correia,0.4,1.9,Valencia,49.2,La Liga,0.008130081300813007,0.038617886178861784
805352,10267,Unai Núñez,0.4,0.5,Valencia,49.2,La Liga,0.008130081300813007,0.01016260162601626
730901,8560,Yangel Herrera,0.4,0.4,Real Sociedad,54.4,La Liga,0.007352941176470589,0.007352941176470589
359191,8661,Omar Mascarell,0.3,0.4,Mallorca,43.5,La Liga,0.006896551724137931,0.009195402298850575
1577912,10268,Adam Boayar,0.3,0.4,Elche,42.6,La Liga,0.00704225352112676,0.009389671361502348
574200,8670,Eric Bailly,0.3,0.2,Real Oviedo,35.8,La Liga,0.008379888268156424,0.005586592178770951
1367926,9906,Javier Boñar,0.3,0.3,Atletico Madrid,58.9,La Liga,0.0050933786078098476,0.0050933786078098476
844478,8661,Mateu Morey,0.3,0.4,Mallorca,43.5,La Liga,0.006896551724137931,0.009195402298850575
1310480,8603,Sergi Altimira,0.3,0.8,Real Betis,55.6,La Liga,0.0053956834532374095,0.014388489208633094
956921,8305,Abdelkabir Abqar,0.3,0.4,Getafe,30.6,La Liga,0.00980392156862745,0.013071895424836602
748380,7732,Abel Ruiz,0.3,0.3,Girona,48.2,La Liga,0.006224066390041493,0.006224066390041493
449241,8302,Adnan Januzaj,0.3,0.9,Sevilla,39.3,La Liga,0.0076335877862595426,0.02290076335877863
1132355,9910,Álvaro Núñez,0.3,2.8,Celta Vigo,49.5,La Liga,0.006060606060606061,0.05656565656565656
449232,8634,Andreas Christensen,0.3,0.1,Barcelona,86.7,La Liga,0.003460207612456747,0.0011534025374855825
1676905,8305,Coba da Costa,0.3,0.6,Getafe,30.6,La Liga,0.00980392156862745,0.0196078431372549
161012,7732,Daley Blind,0.3,1.1,Girona,48.2,La Liga,0.006224066390041493,0.02282157676348548
545905,8670,Dani Calvo,0.3,0.2,Real Oviedo,35.8,La Liga,0.008379888268156424,0.005586592178770951
1552991,8661,David López,0.3,0.1,Mallorca,43.5,La Liga,0.006896551724137931,0.0022988505747126436
488718,8305,Diego Rico,0.3,1.0,Getafe,30.6,La Liga,0.00980392156862745,0.032679738562091505
845067,9866,Facundo Garcés,0.3,0.1,Deportivo Alaves,46.9,La Liga,0.006396588486140725,0.0021321961620469087
1431291,8560,Gorka Carrera,0.3,0.0,Real Sociedad,54.4,La Liga,0.0055147058823529415,0.0
698653,8560,Igor Zubeldia,0.3,0.5,Real Sociedad,54.4,La Liga,0.0055147058823529415,0.009191176470588236
1323863,8371,Iker Muñoz,0.3,0.3,Osasuna,46.0,La Liga,0.006521739130434782,0.006521739130434782
1220187,10267,Jesus Vázquez,0.3,0.8,Valencia,49.2,La Liga,0.0060975609756097554,0.016260162601626015
1112072,9866,Jon Pacheco,0.3,0.3,Deportivo Alaves,46.9,La Liga,0.006396588486140725,0.006396588486140725
1098365,8371,Jorge Herrando,0.3,0.8,Osasuna,46.0,La Liga,0.006521739130434782,0.017391304347826087
623982,10268,Josan,0.3,2.6,Elche,42.6,La Liga,0.00704225352112676,0.06103286384976526
688668,8670,Josip Brekalo,0.3,1.1,Real Oviedo,35.8,La Liga,0.008379888268156424,0.03072625698324023
1340594,8560,Mikel Goti,0.3,0.0,Real Sociedad,54.4,La Liga,0.0055147058823529415,0.0
1343750,10205,Renato Veiga,0.3,0.3,Villarreal,59.0,La Liga,0.005084745762711864,0.005084745762711864
1820601,8315,Selton Sánchez,0.3,0.2,Athletic Club,50.7,La Liga,0.005917159763313609,0.0039447731755424065
593116,8603,Sofyan Amrabat,0.3,0.5,Real Betis,55.6,La Liga,0.0053956834532374095,0.008992805755395683
760712,8633,Trent Alexander-Arnold,0.3,2.9,Real Madrid,77.9,La Liga,0.003851091142490372,0.03722721437740693
873827,9866,Ander Guevara,0.2,0.5,Deportivo Alaves,46.9,La Liga,0.004264392324093817,0.010660980810234541
881773,10268,Gonzalo Villar,0.2,0.5,Elche,42.6,La Liga,0.004694835680751174,0.011737089201877934
1392232,10268,Marc Aguado,0.2,0.6,Elche,42.6,La Liga,0.004694835680751174,0.01408450704225352
1842315,9906,Miguel Llorente,0.2,0.0,Atletico Madrid,58.9,La Liga,0.0033955857385398985,0.0
213809,8305,Allan Nyom,0.2,1.0,Getafe,30.6,La Liga,0.006535947712418301,0.032679738562091505
839893,8315,Andoni Gorosabel,0.2,1.4,Athletic Club,50.7,La Liga,0.0039447731755424065,0.02761341222879684
1732791,9910,Andrés Antañón,0.2,0.0,Celta Vigo,49.5,La Liga,0.00404040404040404,0.0
1323403,8558,Antoniu Roca,0.2,0.4,Espanyol,48.9,La Liga,0.00408997955010225,0.0081799591002045
799914,9866,Carlos Protesoni,0.2,0.3,Deportivo Alaves,46.9,La Liga,0.004264392324093817,0.006396588486140725
1403691,8633,César Palacios,0.2,0.1,Real Madrid,77.9,La Liga,0.0025673940949935813,0.0012836970474967907
121633,8633,David Alaba,0.2,0.1,Real Madrid,77.9,La Liga,0.0025673940949935813,0.0012836970474967907
1676086,8305,Davinchi,0.2,0.5,Getafe,30.6,La Liga,0.006535947712418301,0.016339869281045753
881124,8581,Diego Pampín,0.2,0.3,Levante,52.5,La Liga,0.0038095238095238095,0.005714285714285714
1598982,8634,Gerard Martín,0.2,1.0,Barcelona,86.7,La Liga,0.002306805074971165,0.011534025374855825
695062,8371,Javi Galán,0.2,2.6,Osasuna,46.0,La Liga,0.004347826086956522,0.05652173913043478
1732412,9906,Javi Morcillo,0.2,0.0,Atletico Madrid,58.9,La Liga,0.0033955857385398985,0.0
1433032,7732,Jhon Solís,0.2,0.1,Girona,48.2,La Liga,0.004149377593360996,0.002074688796680498
1724551,8560,Job Ochieng,0.2,0.0,Real Sociedad,54.4,La Liga,0.0036764705882352945,0.0
1187478,8558,José Salinas,0.2,0.3,Espanyol,48.9,La Liga,0.00408997955010225,0.006134969325153374
643998,9910,Joseph Aidoo,0.2,0.1,Celta Vigo,49.5,La Liga,0.00404040404040404,0.00202020202020202
518525,9866,Mariano Díaz,0.2,0.2,Deportivo Alaves,46.9,La Liga,0.004264392324093817,0.004264392324093817
185644,8581,Mathew Ryan,0.2,0.1,Levante,52.5,La Liga,0.0038095238095238095,0.0019047619047619048
1797904,8302,Miguel Sierra,0.2,0.0,Sevilla,39.3,La Liga,0.005089058524173028,0.0
1254394,9906,Obed Vargas,0.2,0.4,Atletico Madrid,58.9,La Liga,0.0033955857385398985,0.006791171477079797
21414,8370,Óscar Trejo,0.2,0.5,Rayo Vallecano,53.2,La Liga,0.0037593984962406013,0.009398496240601503
1169596,8371,Raúl Moro,0.2,1.1,Osasuna,46.0,La Liga,0.004347826086956522,0.02391304347826087
1330035,8558,Rubén Sánchez,0.2,1.2,Espanyol,48.9,La Liga,0.00408997955010225,0.024539877300613498
1377639,8581,Tay Abed,0.2,0.1,Levante,52.5,La Liga,0.0038095238095238095,0.0019047619047619048
1047676,10205,Yéremi Pino,0.2,1.0,Villarreal,59.0,La Liga,0.0033898305084745766,0.01694915254237288
688876,8302,Dodi Lukébakio,0.1,0.9,Sevilla,39.3,La Liga,0.002544529262086514,0.02290076335877863
191873,8305,Juanmi,0.1,0.1,Getafe,30.6,La Liga,0.0032679738562091504,0.0032679738562091504
1670281,10268,Ali Houary,0.1,0.0,Elche,42.6,La Liga,0.002347417840375587,0.0
1637566,8315,Asier Hierro,0.1,0.0,Athletic Club,50.7,La Liga,0.0019723865877712033,0.0
1583872,10268,Buba Sangaré,0.1,0.1,Elche,42.6,La Liga,0.002347417840375587,0.002347417840375587
1174300,9866,Calebe,0.1,0.4,Deportivo Alaves,46.9,La Liga,0.0021321961620469087,0.008528784648187635
1841906,10205,Carlos Macià,0.1,0.0,Villarreal,59.0,La Liga,0.0016949152542372883,0.0
1279557,8558,Clemens Riedel,0.1,0.2,Espanyol,48.9,La Liga,0.002044989775051125,0.00408997955010225
1367987,9910,Damián Rodríguez,0.1,0.1,Celta Vigo,49.5,La Liga,0.00202020202020202,0.00202020202020202
1413780,8633,David Jiménez,0.1,0.0,Real Madrid,77.9,La Liga,0.0012836970474967907,0.0
1305565,7732,Dawda Camara,0.1,0.0,Girona,48.2,La Liga,0.002074688796680498,0.0
421365,8305,Djené,0.1,0.2,Getafe,30.6,La Liga,0.0032679738562091504,0.006535947712418301
612836,7732,Donny van de Beek,0.1,0.1,Girona,48.2,La Liga,0.002074688796680498,0.002074688796680498
1277343,10268,Federico Redondo,0.1,0.0,Elche,42.6,La Liga,0.002347417840375587,0.0
1254218,9910,Hugo Sotelo,0.1,2.2,Celta Vigo,49.5,La Liga,0.00202020202020202,0.044444444444444446
616544,8315,Íñigo Lekue,0.1,0.2,Athletic Club,50.7,La Liga,0.0019723865877712033,0.0039447731755424065
1037537,8315,Jesús Areso,0.1,1.3,Athletic Club,50.7,La Liga,0.0019723865877712033,0.02564102564102564
1173678,9906,Johnny Cardoso,0.1,0.5,Atletico Madrid,58.9,La Liga,0.0016977928692699493,0.008488964346349746
833219,10205,Juan Foyth,0.1,0.2,Villarreal,59.0,La Liga,0.0016949152542372883,0.0033898305084745766
1457823,8661,Justin Kalumba,0.1,0.1,Mallorca,43.5,La Liga,0.0022988505747126436,0.0022988505747126436
798029,7732,Ladislav Krejcí,0.1,0.0,Girona,48.2,La Liga,0.002074688796680498,0.0
1675505,9910,Manu Fernández,0.1,0.1,Celta Vigo,49.5,La Liga,0.00202020202020202,0.00202020202020202
872362,8661,Marash Kumbulla,0.1,0.0,Mallorca,43.5,La Liga,0.0022988505747126436,0.0
1675933,8661,Marc Domenech,0.1,0.2,Mallorca,43.5,La Liga,0.0022988505747126436,0.004597701149425287
206322,9910,Matías Vecino,0.1,0.1,Celta Vigo,49.5,La Liga,0.00202020202020202,0.00202020202020202
1051097,9906,Matteo Ruggeri,0.1,3.8,Atletico Madrid,58.9,La Liga,0.0016977928692699493,0.06451612903225806
1981023,8661,Miguel Calatayud,0.1,0.0,Mallorca,43.5,La Liga,0.0022988505747126436,0.0
616545,8315,Mikel Vesga,0.1,0.2,Athletic Club,50.7,La Liga,0.0019723865877712033,0.0039447731755424065
1119943,10268,Mourad El Ghezouani,0.1,0.0,Elche,42.6,La Liga,0.002347417840375587,0.0
760715,8670,Ovie Ejaria,0.1,0.4,Real Oviedo,35.8,La Liga,0.0027932960893854754,0.011173184357541902
1531887,10205,Pau Navarro,0.1,0.2,Villarreal,59.0,La Liga,0.0016949152542372883,0.0033898305084745766
1333066,8670,Rahim Alhassane,0.1,1.1,Real Oviedo,35.8,La Liga,0.0027932960893854754,0.03072625698324023
115591,8603,Ricardo Rodríguez,0.1,0.4,Real Betis,55.6,La Liga,0.0017985611510791368,0.007194244604316547
495222,8371,Sheraldo Becker,0.1,0.1,Osasuna,46.0,La Liga,0.002173913043478261,0.002173913043478261
1335102,8581,Ugo Raghouber,0.1,0.1,Levante,52.5,La Liga,0.0019047619047619048,0.0019047619047619048
940735,8305,Veljko Birmancevic,0.1,0.1,Getafe,30.6,La Liga,0.0032679738562091504,0.0032679738562091504
1137497,10268,Yago Santiago,0.1,0.2,Elche,42.6,La Liga,0.002347417840375587,0.004694835680751174
639450,8315,Yeray Álvarez,0.1,0.2,Athletic Club,50.7,La Liga,0.0019723865877712033,0.0039447731755424065
1331249,8315,Adama Boiro,0.0,0.4,Athletic Club,50.7,La Liga,0.0,0.007889546351084813
1477850,8305,Alejandro Mestanza,0.0,0.0,Getafe,30.6,La Liga,0.0,0.0
1338696,10205,Alex Freeman,0.0,0.1,Villarreal,59.0,La Liga,0.0,0.0016949152542372883
1580522,8603,Ángel Ortiz,0.0,0.8,Real Betis,55.6,La Liga,0.0,0.014388489208633094
1229176,8315,Beñat Prados,0.0,0.0,Athletic Club,50.7,La Liga,0.0,0.0
72541,8302,César Azpilicueta,0.0,0.6,Sevilla,39.3,La Liga,0.0,0.015267175572519085
531629,8633,Dani Ceballos,0.0,0.7,Real Madrid,77.9,La Liga,0.0,0.008985879332477534
213516,8661,Dani Rodríguez,0.0,0.0,Mallorca,43.5,La Liga,0.0,0.0
1422602,8315,Eder García,0.0,0.0,Athletic Club,50.7,La Liga,0.0,0.0
1705340,8305,Ismael Bekhoucha,0.0,0.0,Getafe,30.6,La Liga,0.0,0.0
1664735,9906,Jano Monserrate,0.0,0.0,Atletico Madrid,58.9,La Liga,0.0,0.0
1559834,8305,Joselu Pérez,0.0,0.0,Getafe,30.6,La Liga,0.0,0.0
1255090,8370,Jozhua Vertrouwd,0.0,0.0,Rayo Vallecano,53.2,La Liga,0.0,0.0
1447089,9906,Julio Díaz,0.0,0.4,Atletico Madrid,58.9,La Liga,0.0,0.006791171477079797
1697371,8560,Lander Astiazarán,0.0,0.0,Real Sociedad,54.4,La Liga,0.0,0.0
1368318,8558,Luca Koleosho,0.0,0.0,Espanyol,48.9,La Liga,0.0,0.0
1981027,8661,Luis Orejuela,0.0,0.0,Mallorca,43.5,La Liga,0.0,0.0
1428849,8302,Manu Bueno,0.0,0.2,Sevilla,39.3,La Liga,0.0,0.005089058524173028
1508427,8633,Manuel Ángel,0.0,0.1,Real Madrid,77.9,La Liga,0.0,0.0012836970474967907
588562,9910,Mihailo Ristic,0.0,0.0,Celta Vigo,49.5,La Liga,0.0,0.0
884262,8670,Oier Luengo,0.0,0.0,Real Oviedo,35.8,La Liga,0.0,0.0
1208708,8558,Omar El Hilali,0.0,2.0,Espanyol,48.9,La Liga,0.0,0.0408997955010225
1819495,8670,Pablo Agudín,0.0,0.0,Real Oviedo,35.8,La Liga,0.0,0.0
1411818,8370,Pelayo Fernández,0.0,0.0,Rayo Vallecano,53.2,La Liga,0.0,0.0
433819,10267,Renzo Saravia,0.0,0.0,Valencia,49.2,La Liga,0.0,0.0
1366936,8302,Stanis Idumbo,0.0,0.0,Sevilla,39.3,La Liga,0.0,0.0
1056461,9866,Ville Koski,0.0,0.2,Deportivo Alaves,46.9,La Liga,0.0,0.004264392324093817
1372179,8560,Wesley,0.0,0.0,Real Sociedad,54.4,La Liga,0.0,0.0
1815149,8634,Xavi Espart,0.0,0.0,Barcelona,86.7,La Liga,0.0,0.0
1578176,9910,Yoel Lago,0.0,0.1,Celta Vigo,49.5,La Liga,0.0,0.00202020202020202
194165,9823,Harry Kane,26.9,4.3,Bayern München,100.7,Bundesliga,0.2671300893743793,0.04270109235352532
448540,9789,Serhou Guirassy,17.6,3.5,Borussia Dortmund,63.8,Bundesliga,0.2758620689655173,0.054858934169279
540097,8178,Patrik Schick,17.2,2.8,Bayer Leverkusen,65.7,Bundesliga,0.2617960426179604,0.0426179604261796
661519,10269,Deniz Undav,16.4,4.0,VfB Stuttgart,60.4,Bundesliga,0.271523178807947,0.06622516556291391
860914,9823,Luis Díaz,15.1,7.7,Bayern München,100.7,Bundesliga,0.14995034756703077,0.07646474677259185
747718,178475,Christoph Baumgartner,15.1,3.9,RB Leipzig,67.4,Bundesliga,0.2240356083086053,0.05786350148367952
1314412,178475,Rômulo,14.4,2.9,RB Leipzig,67.4,Bundesliga,0.21364985163204747,0.043026706231454
388903,9788,Haris Tabakovic,13.0,0.9,Borussia Mönchengladbach,42.8,Bundesliga,0.3037383177570094,0.021028037383177572
947901,9810,Jonathan Burkardt,12.0,0.8,Eintracht Frankfurt,45.8,Bundesliga,0.26200873362445415,0.017467248908296946
173461,8226,Andrej Kramaric,11.9,5.0,Hoffenheim,55.7,Bundesliga,0.21364452423698382,0.08976660682226212
1029063,9823,Michael Olise,11.5,17.2,Bayern München,100.7,Bundesliga,0.11420059582919563,0.1708043694141013
1047670,8149,Andrej Ilic,11.3,2.2,Union Berlin,45.9,Bundesliga,0.2461873638344227,0.04793028322440088
1613676,8722,Saïd El Mala,11.2,2.3,1. FC Köln,52.8,Bundesliga,0.21212121212121213,0.04356060606060606
614449,9905,Nadiem Amiri,10.4,7.7,Mainz 05,54.8,Bundesliga,0.18978102189781024,0.1405109489051095
772193,8722,Ragnar Ache,10.3,1.0,1. FC Köln,52.8,Bundesliga,0.1950757575757576,0.01893939393939394
1210893,8358,Igor Matanovic,9.2,1.3,Freiburg,49.1,Bundesliga,0.18737270875763745,0.026476578411405296
686315,9905,Phillip Tietz,8.9,1.9,Mainz 05,54.8,Bundesliga,0.16240875912408761,0.03467153284671533
1134206,8721,Mohamed Amoura,8.6,2.5,Wolfsburg,48.0,Bundesliga,0.17916666666666667,0.052083333333333336
1124825,8226,Tim Lemperle,8.4,2.4,Hoffenheim,55.7,Bundesliga,0.15080789946140036,0.04308797127468581
1219540,8226,Fisnik Asllani,8.3,3.9,Hoffenheim,55.7,Bundesliga,0.14901256732495513,0.07001795332136444
1366602,8721,Dzenan Pejcinovic,7.9,0.5,Wolfsburg,48.0,Bundesliga,0.16458333333333333,0.010416666666666666
749488,8697,Romano Schmid,7.8,10.4,Werder Bremen,41.9,Bundesliga,0.18615751789976134,0.24821002386634847
1121170,9790,Ransford Königsdörffer,7.7,1.7,Hamburger SV,41.6,Bundesliga,0.18509615384615385,0.040865384615384616
840241,10269,Ermedin Demirovic,7.6,2.0,VfB Stuttgart,60.4,Bundesliga,0.12582781456953643,0.033112582781456956
1737700,9823,Lennart Karl,7.6,5.0,Bayern München,100.7,Bundesliga,0.07547169811320754,0.04965243296921549
1047667,9789,Maximilian Beier,7.4,5.0,Borussia Dortmund,63.8,Bundesliga,0.11598746081504703,0.07836990595611286
1197347,9823,Nicolas Jackson,7.3,1.6,Bayern München,100.7,Bundesliga,0.07249255213505461,0.015888778550148957
1735453,178475,Yan Diomande,7.1,10.1,RB Leipzig,67.4,Bundesliga,0.10534124629080117,0.14985163204747773
1067260,8722,Jakub Kaminski,7.1,6.4,1. FC Köln,52.8,Bundesliga,0.13446969696969696,0.12121212121212123
689065,8406,Alexis Claude-Maurice,6.9,3.2,Augsburg,46.7,Bundesliga,0.14775160599571735,0.06852248394004283
1705081,8178,Christian Kofane,6.8,1.1,Bayer Leverkusen,65.7,Bundesliga,0.1035007610350076,0.0167427701674277
288406,8178,Alejandro Grimaldo,6.7,10.1,Bayer Leverkusen,65.7,Bundesliga,0.1019786910197869,0.1537290715372907
1137364,8697,Justin Njinmah,6.7,1.1,Werder Bremen,41.9,Bundesliga,0.15990453460620527,0.02625298329355609
385437,9823,Serge Gnabry,6.3,5.1,Bayern München,100.7,Bundesliga,0.06256206554121152,0.050645481628599796
1310103,8406,Anton Kade,6.3,3.0,Augsburg,46.7,Bundesliga,0.1349036402569593,0.06423982869379015
1327150,94937,Arijon Ibrahimovic,6.3,6.3,FC Heidenheim,47.9,Bundesliga,0.1315240083507307,0.1315240083507307
528811,8697,Jens Stage,6.1,3.2,Werder Bremen,41.9,Bundesliga,0.14558472553699284,0.07637231503579953
1164506,10269,Tiago Tomás,6.0,1.1,VfB Stuttgart,60.4,Bundesliga,0.09933774834437087,0.018211920529801327
157723,8721,Christian Eriksen,6.0,7.7,Wolfsburg,48.0,Bundesliga,0.125,0.16041666666666668
956913,94937,Marvin Pieringer,5.8,1.5,FC Heidenheim,47.9,Bundesliga,0.12108559498956159,0.031315240083507306
516846,9789,Julian Brandt,5.7,5.3,Borussia Dortmund,63.8,Bundesliga,0.08934169278996866,0.08307210031347963
400625,8358,Vincenzo Grifo,5.7,4.7,Freiburg,49.1,Bundesliga,0.11608961303462322,0.09572301425661915
540073,8722,Gian-Luca Waldschmidt,5.5,1.6,1. FC Köln,52.8,Bundesliga,0.10416666666666667,0.030303030303030307
767730,94937,Stefan Schimmer,5.4,0.6,FC Heidenheim,47.9,Bundesliga,0.11273486430062632,0.012526096033402923
674242,94937,Budu Zivzivadze,5.3,1.1,FC Heidenheim,47.9,Bundesliga,0.11064718162839249,0.02296450939457203
198316,8406,Michael Gregoritsch,5.3,0.7,Augsburg,46.7,Bundesliga,0.11349036402569591,0.014989293361884367
1175939,9905,Paul Nebel,5.3,3.8,Mainz 05,54.8,Bundesliga,0.09671532846715329,0.06934306569343066
1457626,8178,Ibrahim Maza,5.3,4.4,Bayer Leverkusen,65.7,Bundesliga,0.0806697108066971,0.0669710806697108
609504,8149,Oliver Burke,5.2,2.0,Union Berlin,45.9,Bundesliga,0.11328976034858389,0.04357298474945534
1079892,9790,Rayan Philippe,5.2,1.7,Hamburger SV,41.6,Bundesliga,0.125,0.040865384615384616
625175,8226,Grischa Prömel,5.1,3.0,Hoffenheim,55.7,Bundesliga,0.09156193895870735,0.05385996409335727
675023,8152,Danel Sinani,5.1,4.8,St. Pauli,31.1,Bundesliga,0.16398713826366557,0.15434083601286172
566158,9788,Kevin Diks,5.1,1.1,Borussia Mönchengladbach,42.8,Bundesliga,0.1191588785046729,0.025700934579439255
959594,9789,Karim Adeyemi,4.9,3.2,Borussia Dortmund,63.8,Bundesliga,0.07680250783699061,0.05015673981191223
343748,9823,Leon Goretzka,4.8,3.8,Bayern München,100.7,Bundesliga,0.04766633565044687,0.03773584905660377
1156141,9823,Jamal Musiala,4.8,1.9,Bayern München,100.7,Bundesliga,0.04766633565044687,0.018867924528301886
1025462,9790,Fábio Vieira,4.6,4.1,Hamburger SV,41.6,Bundesliga,0.11057692307692306,0.09855769230769229
1126058,8178,Malik Tillman,4.6,2.9,Bayer Leverkusen,65.7,Bundesliga,0.0700152207001522,0.0441400304414003
556524,8358,Lucas Höler,4.5,1.9,Freiburg,49.1,Bundesliga,0.09164969450101833,0.038696537678207736
614384,10269,Maximilian Mittelstädt,4.4,6.0,VfB Stuttgart,60.4,Bundesliga,0.07284768211920531,0.09933774834437087
626890,8722,Marius Bülter,4.4,4.5,1. FC Köln,52.8,Bundesliga,0.08333333333333334,0.08522727272727273
1248482,178475,Antonio Nusa,4.4,5.2,RB Leipzig,67.4,Bundesliga,0.06528189910979229,0.0771513353115727
892679,10269,Chris Führich,4.3,8.0,VfB Stuttgart,60.4,Bundesliga,0.07119205298013245,0.13245033112582782
1074968,10269,Jamie Leweling,4.3,5.2,VfB Stuttgart,60.4,Bundesliga,0.07119205298013245,0.08609271523178809
1243571,8152,Andréas Hountondji,4.3,0.5,St. Pauli,31.1,Bundesliga,0.13826366559485528,0.01607717041800643
845990,8226,Ozan Kabak,4.3,0.8,Hoffenheim,55.7,Bundesliga,0.07719928186714542,0.01436265709156194
495222,9905,Sheraldo Becker,4.3,3.2,Mainz 05,54.8,Bundesliga,0.07846715328467153,0.05839416058394161
725398,8152,Mathias Pereira Lage,4.3,1.5,St. Pauli,31.1,Bundesliga,0.13826366559485528,0.04823151125401929
1161211,8406,Fabian Rieder,4.2,4.6,Augsburg,46.7,Bundesliga,0.08993576017130621,0.09850107066381154
1413996,9790,Luka Vuskovic,4.2,1.5,Hamburger SV,41.6,Bundesliga,0.10096153846153846,0.036057692307692304
1624586,8226,Bazoumana Touré,4.2,5.7,Hoffenheim,55.7,Bundesliga,0.07540394973070018,0.10233393177737882
724196,8149,Danilho Doekhi,4.2,1.6,Union Berlin,45.9,Bundesliga,0.09150326797385622,0.034858387799564274
1482294,178475,Conrad Harder,4.1,1.9,RB Leipzig,67.4,Bundesliga,0.06083086053412462,0.02818991097922848
1095445,9810,Arnaud Kalimuendo-Muinga,4.0,1.2,Eintracht Frankfurt,45.8,Bundesliga,0.08733624454148473,0.026200873362445417
1146376,94937,Eren Dinkçi,4.0,2.1,FC Heidenheim,47.9,Bundesliga,0.08350730688935282,0.04384133611691023
1367924,9810,Can Uzun,3.9,3.0,Eintracht Frankfurt,45.8,Bundesliga,0.0851528384279476,0.06550218340611354
1520063,8358,Johan Manzambi,3.9,5.1,Freiburg,49.1,Bundesliga,0.07942973523421588,0.10386965376782076
1134467,8358,Yuito Suzuki,3.9,2.6,Freiburg,49.1,Bundesliga,0.07942973523421588,0.05295315682281059
1175708,9810,Ansgar Knauff,3.8,1.8,Eintracht Frankfurt,45.8,Bundesliga,0.08296943231441048,0.039301310043668124
602523,8358,Maximilian Eggestein,3.8,1.7,Freiburg,49.1,Bundesliga,0.07739307535641547,0.034623217922606926
1002058,9789,Nico Schlotterbeck,3.7,2.7,Borussia Dortmund,63.8,Bundesliga,0.057993730407523515,0.042319749216300946
1185902,9788,Jens Castrop,3.7,1.7,Borussia Mönchengladbach,42.8,Bundesliga,0.08644859813084113,0.039719626168224303
1199947,8149,Leopold Querfeld,3.7,1.8,Union Berlin,45.9,Bundesliga,0.08061002178649238,0.0392156862745098
1024292,8697,Marco Grüll,3.6,3.1,Werder Bremen,41.9,Bundesliga,0.08591885441527447,0.0739856801909308
812839,8152,Martijn Kaars,3.6,1.8,St. Pauli,31.1,Bundesliga,0.1157556270096463,0.05787781350482315
966019,9789,Felix Nmecha,3.6,4.2,Borussia Dortmund,63.8,Bundesliga,0.05642633228840126,0.0658307210031348
947884,8226,Wouter Burger,3.5,5.4,Hoffenheim,55.7,Bundesliga,0.06283662477558348,0.0969479353680431
423624,94937,Patrick Mainka,3.5,1.4,FC Heidenheim,47.9,Bundesliga,0.07306889352818371,0.029227557411273485
1343749,8406,Rodrigo Ribeiro,3.5,0.2,Augsburg,46.7,Bundesliga,0.07494646680942184,0.004282655246252677
352994,9823,Raphaël Guerreiro,3.4,1.4,Bayern München,100.7,Bundesliga,0.033763654419066536,0.013902681231380337
629805,9810,Ritsu Doan,3.4,5.6,Eintracht Frankfurt,45.8,Bundesliga,0.07423580786026202,0.1222707423580786
1430151,178475,Brajan Gruda,3.4,2.7,RB Leipzig,67.4,Bundesliga,0.05044510385756676,0.040059347181008904
864157,8358,Jan-Niklas Beste,3.4,4.3,Freiburg,49.1,Bundesliga,0.06924643584521385,0.0875763747454175
1453218,8406,Mert Kömür,3.4,2.1,Augsburg,46.7,Bundesliga,0.0728051391862955,0.044967880085653104
1515977,8149,Ilyas Ansah,3.3,1.1,Union Berlin,45.9,Bundesliga,0.0718954248366013,0.02396514161220044
1340895,10269,Bilal El Khannouss,3.2,5.7,VfB Stuttgart,60.4,Bundesliga,0.05298013245033113,0.09437086092715233
523749,9905,Jae-Sung Lee,3.2,3.2,Mainz 05,54.8,Bundesliga,0.05839416058394161,0.05839416058394161
1337884,8721,Konstantinos Koulierakis,3.2,1.4,Wolfsburg,48.0,Bundesliga,0.06666666666666667,0.029166666666666664
307209,8358,Lukas Kübler,3.2,1.5,Freiburg,49.1,Bundesliga,0.06517311608961304,0.03054989816700611
557805,94937,Mathias Honsak,3.2,1.7,FC Heidenheim,47.9,Bundesliga,0.06680584551148226,0.03549060542797495
559065,9789,Ramy Bensebaini,3.1,1.9,Borussia Dortmund,63.8,Bundesliga,0.04858934169278997,0.029780564263322883
1073498,8721,Patrick Wimmer,3.1,2.2,Wolfsburg,48.0,Bundesliga,0.06458333333333334,0.04583333333333334
1071186,10269,Angelo Stiller,3.1,7.5,VfB Stuttgart,60.4,Bundesliga,0.051324503311258284,0.12417218543046359
762721,8721,Lovro Majer,3.1,2.6,Wolfsburg,48.0,Bundesliga,0.06458333333333334,0.05416666666666667
1251666,8178,Ernest Poku,3.0,4.3,Bayer Leverkusen,65.7,Bundesliga,0.045662100456621,0.0654490106544901
647900,8721,Mattias Svanberg,2.9,0.6,Wolfsburg,48.0,Bundesliga,0.06041666666666667,0.012499999999999999
915111,9788,Shuto Machino,2.9,1.6,Borussia Mönchengladbach,42.8,Bundesliga,0.0677570093457944,0.03738317757009346
928454,10269,Josha Vagnoman,2.9,1.9,VfB Stuttgart,60.4,Bundesliga,0.048013245033112585,0.03145695364238411
1107620,8178,Jarell Quansah,2.8,1.3,Bayer Leverkusen,65.7,Bundesliga,0.0426179604261796,0.0197869101978691
1185609,8406,Robin Fellhauer,2.8,2.6,Augsburg,46.7,Bundesliga,0.05995717344753747,0.055674518201284794
1345875,9810,Farès Chaïbi,2.8,3.9,Eintracht Frankfurt,45.8,Bundesliga,0.0611353711790393,0.0851528384279476
673432,94937,Sirlord Conteh,2.8,0.7,FC Heidenheim,47.9,Bundesliga,0.05845511482254697,0.014613778705636743
877700,8178,Nathan Tella,2.8,2.6,Bayer Leverkusen,65.7,Bundesliga,0.0426179604261796,0.0395738203957382
1367614,9905,Nelson Weiper,2.8,0.4,Mainz 05,54.8,Bundesliga,0.051094890510948905,0.007299270072992701
490489,9790,Robert Glatzel,2.7,0.4,Hamburger SV,41.6,Bundesliga,0.06490384615384616,0.009615384615384616
1302666,8358,Derry Scherhant,2.6,2.5,Freiburg,49.1,Bundesliga,0.05295315682281059,0.05091649694501018
770136,8178,Martin Terrier,2.6,1.0,Bayer Leverkusen,65.7,Bundesliga,0.0395738203957382,0.015220700152207
949673,8149,Woo-Yeong Jeong,2.6,0.8,Union Berlin,45.9,Bundesliga,0.056644880174291944,0.017429193899782137
1050158,9789,Fábio Silva,2.6,2.5,Borussia Dortmund,63.8,Bundesliga,0.04075235109717869,0.03918495297805643
460632,9823,Joshua Kimmich,2.6,10.2,Bayern München,100.7,Bundesliga,0.025819265143992055,0.10129096325719959
883087,178475,Ridle Baku,2.6,6.1,RB Leipzig,67.4,Bundesliga,0.03857566765578635,0.09050445103857566
1174726,9788,Rocco Reitz,2.6,4.9,Borussia Mönchengladbach,42.8,Bundesliga,0.060747663551401876,0.11448598130841123
789914,8178,Edmond Tapsoba,2.5,1.4,Bayer Leverkusen,65.7,Bundesliga,0.0380517503805175,0.0213089802130898
1395447,9810,Nathaniel Brown,2.5,2.9,Eintracht Frankfurt,45.8,Bundesliga,0.05458515283842795,0.06331877729257643
869298,10269,Nikolas Nartey,2.5,2.8,VfB Stuttgart,60.4,Bundesliga,0.041390728476821195,0.046357615894039736
1353000,8721,Adam Daghim,2.5,2.7,Wolfsburg,48.0,Bundesliga,0.052083333333333336,0.05625
1199283,8722,Eric Martel,2.5,1.2,1. FC Köln,52.8,Bundesliga,0.04734848484848485,0.022727272727272728
275034,9905,Silvan Widmer,2.5,2.9,Mainz 05,54.8,Bundesliga,0.04562043795620438,0.05291970802919708
276739,9788,Kevin Stöger,2.5,2.9,Borussia Mönchengladbach,42.8,Bundesliga,0.058411214953271035,0.0677570093457944
1486541,178475,Assan Ouédraogo,2.4,1.9,RB Leipzig,67.4,Bundesliga,0.03560830860534124,0.02818991097922848
307021,9789,Emre Can,2.4,0.4,Borussia Dortmund,63.8,Bundesliga,0.03761755485893417,0.006269592476489029
526827,9823,Konrad Laimer,2.4,5.2,Bayern München,100.7,Bundesliga,0.023833167825223434,0.05163853028798411
278856,178475,Willi Orbán,2.4,1.0,RB Leipzig,67.4,Bundesliga,0.03560830860534124,0.014836795252225518
642551,8178,Aleix García,2.3,6.6,Bayer Leverkusen,65.7,Bundesliga,0.0350076103500761,0.1004566210045662
1119643,8722,Jan Thielmann,2.3,1.4,1. FC Köln,52.8,Bundesliga,0.04356060606060606,0.026515151515151516
303912,8358,Matthias Ginter,2.3,2.9,Freiburg,49.1,Bundesliga,0.04684317718940936,0.05906313645621181
806669,178475,David Raum,2.2,12.4,RB Leipzig,67.4,Bundesliga,0.032640949554896145,0.18397626112759644
1002673,94937,Jan Schöppner,2.2,1.4,FC Heidenheim,47.9,Bundesliga,0.04592901878914406,0.029227557411273485
1191741,9905,Armindo Sieb,2.2,0.6,Mainz 05,54.8,Bundesliga,0.04014598540145986,0.010948905109489052
860260,8149,Derrick Köhn,2.2,3.8,Union Berlin,45.9,Bundesliga,0.04793028322440088,0.08278867102396514
901495,9790,Albert Sambi Lokonga,2.1,1.6,Hamburger SV,41.6,Bundesliga,0.05048076923076923,0.038461538461538464
613260,9790,Jean-Luc Dompé,2.1,4.0,Hamburger SV,41.6,Bundesliga,0.05048076923076923,0.09615384615384615
620027,178475,Xaver Schlager,2.1,2.5,RB Leipzig,67.4,Bundesliga,0.03115727002967359,0.037091988130563795
1203194,178475,Johan Bakayoko,2.1,1.3,RB Leipzig,67.4,Bundesliga,0.03115727002967359,0.019287833827893175
1269497,9788,Yannik Engelhardt,2.1,1.5,Borussia Mönchengladbach,42.8,Bundesliga,0.04906542056074767,0.03504672897196262
1225995,8226,Robin Hranác,2.1,0.5,Hoffenheim,55.7,Bundesliga,0.03770197486535009,0.008976660682226212
304348,8149,Rani Khedira,2.0,1.4,Union Berlin,45.9,Bundesliga,0.04357298474945534,0.030501089324618737
1393672,9810,Jean-Mattéo Bahoya,2.0,3.3,Eintracht Frankfurt,45.8,Bundesliga,0.04366812227074236,0.07205240174672489
1366937,8697,Jovan Milosevic,2.0,0.4,Werder Bremen,41.9,Bundesliga,0.0477326968973747,0.00954653937947494
836726,8149,András Schäfer,2.0,0.9,Union Berlin,45.9,Bundesliga,0.04357298474945534,0.0196078431372549
1185568,9905,Benedict Hollerbach,2.0,1.2,Mainz 05,54.8,Bundesliga,0.03649635036496351,0.021897810218978103
1319717,8697,Keke Topp,2.0,0.7,Werder Bremen,41.9,Bundesliga,0.0477326968973747,0.016706443914081145
423812,9905,Phillipp Mwene,2.0,3.1,Mainz 05,54.8,Bundesliga,0.03649635036496351,0.05656934306569344
1089685,9789,Carney Chukwuemeka,1.9,2.1,Borussia Dortmund,63.8,Bundesliga,0.029780564263322883,0.0329153605015674
1800401,9905,Kacper Potulski,1.9,0.1,Mainz 05,54.8,Bundesliga,0.03467153284671533,0.0018248175182481753
1018564,9790,Nicolás Capaldo,1.9,2.2,Hamburger SV,41.6,Bundesliga,0.04567307692307692,0.052884615384615384
1286183,9823,Tom Bischof,1.8,2.7,Bayern München,100.7,Bundesliga,0.017874875868917575,0.026812313803376366
1209228,9789,Daniel Svensson,1.8,5.5,Borussia Dortmund,63.8,Bundesliga,0.02821316614420063,0.08620689655172414
909907,8697,Cameron Puertas,1.8,2.4,Werder Bremen,41.9,Bundesliga,0.042959427207637235,0.057279236276849645
1793199,8178,Montrell Culbreath,1.8,0.5,Bayer Leverkusen,65.7,Bundesliga,0.0273972602739726,0.0076103500761035
1761151,9789,Samuele Inácio,1.8,0.6,Borussia Dortmund,63.8,Bundesliga,0.02821316614420063,0.009404388714733543
1024672,178475,Nicolas Seiwald,1.8,1.9,RB Leipzig,67.4,Bundesliga,0.026706231454005934,0.02818991097922848
924610,8697,Yukinari Sugawara,1.8,3.1,Werder Bremen,41.9,Bundesliga,0.042959427207637235,0.0739856801909308
1402900,8697,Samuel Mbangula,1.7,1.8,Werder Bremen,41.9,Bundesliga,0.0405727923627685,0.042959427207637235
1222166,94937,Luca Kerber,1.7,0.2,FC Heidenheim,47.9,Bundesliga,0.03549060542797495,0.004175365344467641
193901,9905,Stefan Bell,1.7,0.6,Mainz 05,54.8,Bundesliga,0.03102189781021898,0.010948905109489052
664970,9789,Waldemar Anton,1.7,1.3,Borussia Dortmund,63.8,Bundesliga,0.02664576802507837,0.020376175548589344
1186015,8226,Albian Hajdari,1.7,1.6,Hoffenheim,55.7,Bundesliga,0.03052064631956912,0.02872531418312388
882163,8358,Chukwubuike Adamu,1.7,0.2,Freiburg,49.1,Bundesliga,0.034623217922606926,0.004073319755600815
958232,8406,Samuel Essende,1.7,0.2,Augsburg,46.7,Bundesliga,0.03640256959314775,0.004282655246252677
959404,9905,Silas Katompa Mvumpa,1.7,0.2,Mainz 05,54.8,Bundesliga,0.03102189781021898,0.0036496350364963507
1473580,9823,Aleksandar Pavlovic,1.6,2.3,Bayern München,100.7,Bundesliga,0.015888778550148957,0.022840119165839123
240537,9905,Danny da Costa,1.6,2.9,Mainz 05,54.8,Bundesliga,0.029197080291970805,0.05291970802919708
303905,9905,Dominik Kohr,1.6,2.1,Mainz 05,54.8,Bundesliga,0.029197080291970805,0.03832116788321168
331542,8178,Jonas Hofmann,1.6,2.4,Bayer Leverkusen,65.7,Bundesliga,0.0243531202435312,0.0365296803652968
951918,9788,Philipp Sander,1.6,2.8,Borussia Mönchengladbach,42.8,Bundesliga,0.03738317757009346,0.06542056074766354
1089870,8152,Ricky-Jade Jones,1.6,0.5,St. Pauli,31.1,Bundesliga,0.05144694533762058,0.01607717041800643
1520506,8149,Livan Burcu,1.6,1.1,Union Berlin,45.9,Bundesliga,0.034858387799564274,0.02396514161220044
1339269,9810,Hugo Larsson,1.5,1.4,Eintracht Frankfurt,45.8,Bundesliga,0.03275109170305677,0.03056768558951965
643448,8406,Kristijan Jakic,1.5,1.5,Augsburg,46.7,Bundesliga,0.032119914346895075,0.032119914346895075
1611223,8721,Kento Shiogai,1.5,0.3,Wolfsburg,48.0,Bundesliga,0.03125,0.0062499999999999995
936140,8722,Sebastian Sebulonsen,1.5,3.1,1. FC Köln,52.8,Bundesliga,0.02840909090909091,0.058712121212121215
1586552,10269,Chema Andres,1.4,1.1,VfB Stuttgart,60.4,Bundesliga,0.023178807947019868,0.018211920529801327
628201,9810,Robin Koch,1.4,1.7,Eintracht Frankfurt,45.8,Bundesliga,0.03056768558951965,0.03711790393013101
950824,9823,Josip Stanisic,1.4,5.0,Bayern München,100.7,Bundesliga,0.013902681231380337,0.04965243296921549
748620,8722,Alessio Castro-Montes,1.4,2.2,1. FC Köln,52.8,Bundesliga,0.026515151515151516,0.04166666666666667
1000428,8722,Ísak Bergmann Jóhannesson,1.4,3.7,1. FC Köln,52.8,Bundesliga,0.026515151515151516,0.07007575757575758
1033111,9905,Kaishu Sano,1.4,3.4,Mainz 05,54.8,Bundesliga,0.025547445255474453,0.06204379562043796
945935,94937,Mikkel Kaufmann,1.4,0.6,FC Heidenheim,47.9,Bundesliga,0.029227557411273485,0.012526096033402923
1310001,178475,Ezechiel Banzuzi,1.4,0.4,RB Leipzig,67.4,Bundesliga,0.020771513353115723,0.005934718100890208
369742,8152,Jackson Irvine,1.4,1.3,St. Pauli,31.1,Bundesliga,0.045016077170418,0.04180064308681672
900523,8406,Keven Schlotterbeck,1.4,1.1,Augsburg,46.7,Bundesliga,0.029978586723768734,0.023554603854389723
1659893,8152,Abdoulie Ceesay,1.3,0.3,St. Pauli,31.1,Bundesliga,0.04180064308681672,0.009646302250803858
1193815,94937,Julian Niehues,1.3,0.9,FC Heidenheim,47.9,Bundesliga,0.027139874739039668,0.018789144050104387
1279034,8721,Aaron Zehnter,1.3,1.6,Wolfsburg,48.0,Bundesliga,0.027083333333333334,0.03333333333333333
978680,8406,Han-Noah Massengo,1.3,1.6,Augsburg,46.7,Bundesliga,0.027837259100642397,0.034261241970021415
959696,9788,Joseph Scally,1.3,1.9,Borussia Mönchengladbach,42.8,Bundesliga,0.030373831775700938,0.04439252336448598
930035,8722,Linton Maina,1.3,2.1,1. FC Köln,52.8,Bundesliga,0.024621212121212124,0.03977272727272728
1242198,8149,Marin Ljubicic,1.3,0.0,Union Berlin,45.9,Bundesliga,0.028322440087145972,0.0
1646943,8697,Patrice Covic,1.3,0.5,Werder Bremen,41.9,Bundesliga,0.03102625298329356,0.011933174224343675
1119461,8178,Loic Badé,1.3,0.9,Bayer Leverkusen,65.7,Bundesliga,0.0197869101978691,0.0136986301369863
1027194,8226,Alexander Prass,1.2,3.3,Hoffenheim,55.7,Bundesliga,0.021543985637342906,0.05924596050269299
670009,8406,Dimitrios Giannoulis,1.2,4.1,Augsburg,46.7,Bundesliga,0.025695931477516056,0.08779443254817985
1253852,178475,Castello Lukeba,1.2,0.8,RB Leipzig,67.4,Bundesliga,0.01780415430267062,0.011869436201780416
889785,8721,Jonas Wind,1.2,0.5,Wolfsburg,48.0,Bundesliga,0.024999999999999998,0.010416666666666666
215151,9789,Marcel Sabitzer,1.2,2.2,Borussia Dortmund,63.8,Bundesliga,0.018808777429467086,0.03448275862068966
1281090,8358,Philipp Treu,1.2,1.7,Freiburg,49.1,Bundesliga,0.024439918533604887,0.034623217922606926
884919,9788,Robin Hack,1.2,1.0,Borussia Mönchengladbach,42.8,Bundesliga,0.028037383177570093,0.023364485981308414
1403332,8149,Aljoscha Kemlein,1.2,2.3,Union Berlin,45.9,Bundesliga,0.026143790849673203,0.05010893246187364
824635,8149,Diogo Leite,1.2,1.1,Union Berlin,45.9,Bundesliga,0.026143790849673203,0.02396514161220044
759817,9790,Miro Muheim,1.2,4.2,Hamburger SV,41.6,Bundesliga,0.028846153846153844,0.10096153846153846
1393387,8226,Muhammed Mehmet Damar,1.2,0.8,Hoffenheim,55.7,Bundesliga,0.021543985637342906,0.01436265709156194
1355636,8406,Arthur Chaves,1.1,0.2,Augsburg,46.7,Bundesliga,0.023554603854389723,0.004282655246252677
1282582,8149,Tom Rothe,1.1,1.0,Union Berlin,45.9,Bundesliga,0.02396514161220044,0.02178649237472767
1173250,9810,Arthur Theate,1.1,1.3,Eintracht Frankfurt,45.8,Bundesliga,0.0240174672489083,0.028384279475982536
1092731,8152,Joel Chima Fujita,1.1,3.9,St. Pauli,31.1,Bundesliga,0.03536977491961415,0.12540192926045016
556029,8406,Marius Wolf,1.1,1.8,Augsburg,46.7,Bundesliga,0.023554603854389723,0.03854389721627409
571379,94937,Marnon-Thomas Busch,1.1,3.5,FC Heidenheim,47.9,Bundesliga,0.02296450939457203,0.07306889352818371
248689,9810,Michy Batshuayi,1.1,0.2,Eintracht Frankfurt,45.8,Bundesliga,0.0240174672489083,0.0043668122270742364
1641063,8406,Noahkai Banks,1.1,1.0,Augsburg,46.7,Bundesliga,0.023554603854389723,0.021413276231263382
1067553,9790,Philip Otele,1.1,1.2,Hamburger SV,41.6,Bundesliga,0.026442307692307692,0.028846153846153844
643724,8358,Philipp Lienhart,1.1,0.6,Freiburg,49.1,Bundesliga,0.022403258655804482,0.012219959266802444
1112702,8152,Arkadiusz Pyrka,1.1,2.0,St. Pauli,31.1,Bundesliga,0.03536977491961415,0.06430868167202572
764507,9788,Florian Neuhaus,1.1,1.5,Borussia Mönchengladbach,42.8,Bundesliga,0.025700934579439255,0.03504672897196262
867080,10269,Jeff Chabot,1.1,0.8,VfB Stuttgart,60.4,Bundesliga,0.018211920529801327,0.013245033112582783
1287373,9789,Jobe Bellingham,1.1,1.3,Borussia Dortmund,63.8,Bundesliga,0.01724137931034483,0.020376175548589344
919742,8697,Senne Lynen,1.1,1.7,Werder Bremen,41.9,Bundesliga,0.02625298329355609,0.0405727923627685
1035208,8697,Victor Okoh Boniface,1.1,0.6,Werder Bremen,41.9,Bundesliga,0.02625298329355609,0.014319809069212411
1242757,9790,William Mikelbrencis,1.1,2.3,Hamburger SV,41.6,Bundesliga,0.026442307692307692,0.05528846153846153
1109171,9789,Yan Couto,1.0,3.0,Borussia Dortmund,63.8,Bundesliga,0.015673981191222573,0.047021943573667714
658554,9823,Dayot Upamecano,1.0,1.6,Bayern München,100.7,Bundesliga,0.009930486593843098,0.015888778550148957
1107423,8697,Isaac Schmidt,1.0,0.8,Werder Bremen,41.9,Bundesliga,0.02386634844868735,0.01909307875894988
880095,8152,James Sands,1.0,0.7,St. Pauli,31.1,Bundesliga,0.03215434083601286,0.022508038585209
1075815,8358,Patrick Osterhage,1.0,0.8,Freiburg,49.1,Bundesliga,0.020366598778004074,0.01629327902240326
450976,8721,Yannick Gerhardt,1.0,1.0,Wolfsburg,48.0,Bundesliga,0.020833333333333332,0.020833333333333332
1388070,10269,Badredine Bouanani,1.0,0.9,VfB Stuttgart,60.4,Bundesliga,0.016556291390728478,0.01490066225165563
1107951,8722,Cenk Özkacar,1.0,0.3,1. FC Köln,52.8,Bundesliga,0.01893939393939394,0.005681818181818182
1640793,8149,Dmytro Bogdanov,1.0,0.0,Union Berlin,45.9,Bundesliga,0.02178649237472767,0.0
958335,8721,Jesper Lindstrøm,1.0,0.4,Wolfsburg,48.0,Bundesliga,0.020833333333333332,0.008333333333333333
1188890,9790,Nicolai Remberg,1.0,1.4,Hamburger SV,41.6,Bundesliga,0.024038461538461536,0.03365384615384615
1576487,9790,Otto Stange,1.0,0.2,Hamburger SV,41.6,Bundesliga,0.024038461538461536,0.004807692307692308
501543,9788,Franck Honorat,0.9,6.7,Borussia Mönchengladbach,42.8,Bundesliga,0.021028037383177572,0.15654205607476637
1793874,9788,Wael Mohya,0.9,0.6,Borussia Mönchengladbach,42.8,Bundesliga,0.021028037383177572,0.014018691588785047
794393,94937,Adrian Beck,0.9,1.5,FC Heidenheim,47.9,Bundesliga,0.018789144050104387,0.031315240083507306
1353457,8178,Arthur,0.9,1.8,Bayer Leverkusen,65.7,Bundesliga,0.0136986301369863,0.0273972602739726
442602,8721,Denis Vavro,0.9,0.2,Wolfsburg,48.0,Bundesliga,0.01875,0.004166666666666667
1666019,9790,Fabio Baldé,0.9,0.5,Hamburger SV,41.6,Bundesliga,0.021634615384615384,0.012019230769230768
851626,9823,Hiroki Ito,0.9,1.1,Bayern München,100.7,Bundesliga,0.008937437934458788,0.01092353525322741
1463266,8152,Louis Oppie,0.9,1.8,St. Pauli,31.1,Bundesliga,0.028938906752411574,0.05787781350482315
1646629,8697,Salim Musah,0.9,0.4,Werder Bremen,41.9,Bundesliga,0.021479713603818618,0.00954653937947494
658440,8149,Tim Skarke,0.9,1.3,Union Berlin,45.9,Bundesliga,0.0196078431372549,0.028322440087145972
307317,8226,Vladimír Coufal,0.9,9.0,Hoffenheim,55.7,Bundesliga,0.01615798922800718,0.1615798922800718
659272,9789,Julian Ryerson,0.9,10.0,Borussia Dortmund,63.8,Bundesliga,0.014106583072100314,0.15673981191222572
1047671,8721,Vini Souza,0.9,0.6,Wolfsburg,48.0,Bundesliga,0.01875,0.012499999999999999
469701,9810,Mahmoud Dahoud,0.8,0.3,Eintracht Frankfurt,45.8,Bundesliga,0.017467248908296946,0.006550218340611354
1486537,8226,Max Moerstedt,0.8,0.6,Hoffenheim,55.7,Bundesliga,0.01436265709156194,0.010771992818671453
763998,9790,Bakery Jatta,0.8,0.6,Hamburger SV,41.6,Bundesliga,0.019230769230769232,0.014423076923076922
187358,8722,Florian Kainz,0.8,0.6,1. FC Köln,52.8,Bundesliga,0.015151515151515154,0.011363636363636364
1351569,9788,Hugo Bolin,0.8,0.5,Borussia Mönchengladbach,42.8,Bundesliga,0.01869158878504673,0.011682242990654207
759097,8721,Joakim Mæhle,0.8,1.7,Wolfsburg,48.0,Bundesliga,0.016666666666666666,0.035416666666666666
462863,8152,Karol Mets,0.8,0.6,St. Pauli,31.1,Bundesliga,0.02572347266881029,0.019292604501607715
266527,9790,Yussuf Poulsen,0.8,0.3,Hamburger SV,41.6,Bundesliga,0.019230769230769232,0.007211538461538461
770340,9905,Arnaud Nordin,0.8,0.5,Mainz 05,54.8,Bundesliga,0.014598540145985403,0.009124087591240877
1257648,9810,Aurèle Amenda,0.8,0.9,Eintracht Frankfurt,45.8,Bundesliga,0.017467248908296946,0.019650655021834062
658240,8406,Cédric Zesiger,0.8,1.2,Augsburg,46.7,Bundesliga,0.017130620985010708,0.025695931477516056
1213430,9810,Elye Wahi,0.8,0.1,Eintracht Frankfurt,45.8,Bundesliga,0.017467248908296946,0.0021834061135371182
1179835,9790,Giorgi Gocholeishvili,0.8,0.5,Hamburger SV,41.6,Bundesliga,0.019230769230769232,0.012019230769230768
537853,8152,Mathias Rasmussen,0.8,0.6,St. Pauli,31.1,Bundesliga,0.02572347266881029,0.019292604501607715
469700,9823,Jonathan Tah,0.7,1.7,Bayern München,100.7,Bundesliga,0.006951340615690168,0.016881827209533268
722207,9810,Rasmus Kristensen,0.7,1.2,Eintracht Frankfurt,45.8,Bundesliga,0.015283842794759825,0.026200873362445417
411851,8178,Robert Andrich,0.7,1.7,Bayer Leverkusen,65.7,Bundesliga,0.0106544901065449,0.0258751902587519
1071179,9788,Giovanni Reyna,0.7,1.8,Borussia Mönchengladbach,42.8,Bundesliga,0.016355140186915886,0.042056074766355145
622373,8149,Josip Juranovic,0.7,1.1,Union Berlin,45.9,Bundesliga,0.015250544662309368,0.02396514161220044
1643851,8697,Karim Coulibaly,0.7,0.5,Werder Bremen,41.9,Bundesliga,0.016706443914081145,0.011933174224343675
767789,8697,Marco Friedl,0.7,1.1,Werder Bremen,41.9,Bundesliga,0.016706443914081145,0.02625298329355609
684983,10269,Atakan Karazor,0.7,1.7,VfB Stuttgart,60.4,Bundesliga,0.011589403973509934,0.028145695364238412
1526221,8358,Cyriaque Irié,0.7,0.1,Freiburg,49.1,Bundesliga,0.01425661914460285,0.0020366598778004076
1199959,8178,Equi Fernández,0.7,1.1,Bayer Leverkusen,65.7,Bundesliga,0.0106544901065449,0.0167427701674277
1235086,8722,Kristoffer Lund Hansen,0.7,2.2,1. FC Köln,52.8,Bundesliga,0.013257575757575758,0.04166666666666667
531327,8152,Eric Smith,0.6,1.2,St. Pauli,31.1,Bundesliga,0.019292604501607715,0.03858520900321543
458976,8152,Hauke Wahl,0.6,1.4,St. Pauli,31.1,Bundesliga,0.019292604501607715,0.045016077170418
1799711,94937,Adam Kölle,0.6,0.1,FC Heidenheim,47.9,Bundesliga,0.012526096033402923,0.0020876826722338207
530197,8152,Manolis Saliakas,0.6,1.4,St. Pauli,31.1,Bundesliga,0.019292604501607715,0.045016077170418
828159,9823,Min-Jae Kim,0.6,1.4,Bayern München,100.7,Bundesliga,0.005958291956305858,0.013902681231380337
1447050,9810,Younes Ebnoutalib,0.6,0.1,Eintracht Frankfurt,45.8,Bundesliga,0.013100436681222708,0.0021834061135371182
885870,8152,Connor Metcalfe,0.6,1.6,St. Pauli,31.1,Bundesliga,0.019292604501607715,0.05144694533762058
1363536,9790,Damion Downs,0.6,0.1,Hamburger SV,41.6,Bundesliga,0.014423076923076922,0.002403846153846154
574642,9810,Ellyes Skhiri,0.6,0.7,Eintracht Frankfurt,45.8,Bundesliga,0.013100436681222708,0.015283842794759825
693599,8178,Exequiel Palacios,0.6,1.9,Bayer Leverkusen,65.7,Bundesliga,0.0091324200913242,0.0289193302891933
1276331,9788,Fabio Chiarodia,0.6,0.1,Borussia Mönchengladbach,42.8,Bundesliga,0.014018691588785047,0.0023364485981308414
304354,8149,Janik Haberer,0.6,2.5,Union Berlin,45.9,Bundesliga,0.013071895424836602,0.054466230936819175
1478148,8226,Leon Avdullahu,0.6,2.5,Hoffenheim,55.7,Bundesliga,0.010771992818671453,0.04488330341113106
1192406,10269,Lorenz Assignon,0.6,2.0,VfB Stuttgart,60.4,Bundesliga,0.009933774834437087,0.033112582781456956
1398483,9788,Lukas Ullrich,0.6,1.3,Borussia Mönchengladbach,42.8,Bundesliga,0.014018691588785047,0.030373831775700938
177714,9810,Mario Götze,0.6,2.4,Eintracht Frankfurt,45.8,Bundesliga,0.013100436681222708,0.052401746724890834
674499,94937,Niklas Dorsch,0.6,2.6,FC Heidenheim,47.9,Bundesliga,0.012526096033402923,0.054279749478079335
823592,8152,Oladapo Afolayan,0.6,0.2,St. Pauli,31.1,Bundesliga,0.019292604501607715,0.006430868167202572
167008,9789,Pascal Groß,0.6,2.5,Borussia Dortmund,63.8,Bundesliga,0.009404388714733543,0.03918495297805643
1680173,9810,Ayoube Amaimouni-Echghouyab,0.5,0.4,Eintracht Frankfurt,45.8,Bundesliga,0.01091703056768559,0.008733624454148473
839038,8406,Elvis Rexhbeçaj,0.5,1.2,Augsburg,46.7,Bundesliga,0.010706638115631691,0.025695931477516056
1133381,9790,Albert Grønbæk,0.5,1.0,Hamburger SV,41.6,Bundesliga,0.012019230769230768,0.024038461538461536
1280025,9788,Grant-Leon Ranos,0.5,0.1,Borussia Mönchengladbach,42.8,Bundesliga,0.011682242990654207,0.0023364485981308414
642534,94937,Jonas Föhrenbach,0.5,2.7,FC Heidenheim,47.9,Bundesliga,0.010438413361169102,0.05636743215031316
359193,8178,Lucas Vázquez,0.5,2.3,Bayer Leverkusen,65.7,Bundesliga,0.0076103500761035,0.0350076103500761
894802,8721,Moritz Jenz,0.5,0.2,Wolfsburg,48.0,Bundesliga,0.010416666666666666,0.004166666666666667
1176780,9810,Nnamdi Collins,0.5,0.5,Eintracht Frankfurt,45.8,Bundesliga,0.01091703056768559,0.01091703056768559
969856,8697,Olivier Deman,0.5,1.7,Werder Bremen,41.9,Bundesliga,0.011933174224343675,0.0405727923627685
1336529,9810,Oscar Højlund,0.5,0.8,Eintracht Frankfurt,45.8,Bundesliga,0.01091703056768559,0.017467248908296946
1482733,178475,Tidiam Gomis,0.5,0.5,RB Leipzig,67.4,Bundesliga,0.007418397626112759,0.007418397626112759
969870,8226,Adam Hlozek,0.5,0.0,Hoffenheim,55.7,Bundesliga,0.008976660682226212,0.0
637716,8226,Bernardo,0.5,1.3,Hoffenheim,55.7,Bundesliga,0.008976660682226212,0.02333931777378815
1285773,8406,Elias Saad,0.5,0.4,Augsburg,46.7,Bundesliga,0.010706638115631691,0.008565310492505354
458630,8226,Ihlas Bebou,0.5,0.7,Hoffenheim,55.7,Bundesliga,0.008976660682226212,0.012567324955116695
1329406,8721,Jeanuël Belocian,0.5,0.7,Wolfsburg,48.0,Bundesliga,0.010416666666666666,0.014583333333333332
517346,9788,Nico Elvedi,0.5,1.3,Borussia Mönchengladbach,42.8,Bundesliga,0.011682242990654207,0.030373831775700938
557325,9905,Stefan Posch,0.5,1.2,Mainz 05,54.8,Bundesliga,0.009124087591240877,0.021897810218978103
1173779,94937,Tim Siersleben,0.5,0.4,FC Heidenheim,47.9,Bundesliga,0.010438413361169102,0.008350730688935283
1178512,8406,Chrislain Matsima,0.4,0.4,Augsburg,46.7,Bundesliga,0.008565310492505354,0.008565310492505354
1845173,9789,Luca Reggiani,0.4,0.1,Borussia Dortmund,63.8,Bundesliga,0.006269592476489029,0.0015673981191222572
298915,8721,Maximilian Arnold,0.4,4.1,Wolfsburg,48.0,Bundesliga,0.008333333333333333,0.08541666666666665
765998,8697,Amos Pieper,0.4,0.5,Werder Bremen,41.9,Bundesliga,0.00954653937947494,0.011933174224343675
630286,9905,Andreas Hanche-Olsen,0.4,0.1,Mainz 05,54.8,Bundesliga,0.007299270072992701,0.0018248175182481753
1577843,8358,Bruno Ogbus,0.4,0.2,Freiburg,49.1,Bundesliga,0.00814663951120163,0.004073319755600815
355358,8358,Christian Günter,0.4,2.5,Freiburg,49.1,Bundesliga,0.00814663951120163,0.05091649694501018
1383070,9790,Daniel Elfadli,0.4,0.4,Hamburger SV,41.6,Bundesliga,0.009615384615384616,0.009615384615384616
1235068,8722,Denis Huseinbasic,0.4,0.3,1. FC Köln,52.8,Bundesliga,0.007575757575757577,0.005681818181818182
1463271,8722,Jahmai Simpson-Pusey,0.4,0.2,1. FC Köln,52.8,Bundesliga,0.007575757575757577,0.0037878787878787884
700074,9790,Jordan Torunarigha,0.4,0.9,Hamburger SV,41.6,Bundesliga,0.009615384615384616,0.021634615384615384
825806,8152,Lars Ritzka,0.4,0.6,St. Pauli,31.1,Bundesliga,0.012861736334405145,0.019292604501607715
921197,9905,Lennard Maloney,0.4,0.2,Mainz 05,54.8,Bundesliga,0.007299270072992701,0.0036496350364963507
425962,8697,Niklas Stark,0.4,0.2,Werder Bremen,41.9,Bundesliga,0.00954653937947494,0.00477326968973747
1080917,94937,Omar Traoré,0.4,1.4,FC Heidenheim,47.9,Bundesliga,0.008350730688935283,0.029227557411273485
1137667,8178,Piero Hincapié,0.4,0.0,Bayer Leverkusen,65.7,Bundesliga,0.0060882800608828,0.0
1327298,8721,Saël Kumbedi,0.4,2.7,Wolfsburg,48.0,Bundesliga,0.008333333333333333,0.05625
992060,8722,Tom Krauß,0.4,1.5,1. FC Köln,52.8,Bundesliga,0.007575757575757577,0.02840909090909091
1315546,8152,Tomoya Ando,0.4,0.5,St. Pauli,31.1,Bundesliga,0.012861736334405145,0.01607717041800643
751202,9823,Alphonso Davies,0.3,1.6,Bayern München,100.7,Bundesliga,0.002979145978152929,0.015888778550148957
861932,8721,Andreas Skov Olsen,0.3,0.9,Wolfsburg,48.0,Bundesliga,0.0062499999999999995,0.01875
1678681,94937,Hennes Behrens,0.3,2.2,FC Heidenheim,47.9,Bundesliga,0.006263048016701462,0.04592901878914406
1273294,9788,Oscar Fraulo,0.3,0.0,Borussia Mönchengladbach,42.8,Bundesliga,0.007009345794392523,0.0
1077653,8226,Valentin Gendrey,0.3,0.6,Hoffenheim,55.7,Bundesliga,0.0053859964093357264,0.010771992818671453
1617224,9788,Alejo Sarco,0.3,0.1,Borussia Mönchengladbach,42.8,Bundesliga,0.007009345794392523,0.0023364485981308414
836797,8149,Alex Král,0.3,0.5,Union Berlin,45.9,Bundesliga,0.006535947712418301,0.010893246187363835
771401,9905,Anthony Caci,0.3,1.6,Mainz 05,54.8,Bundesliga,0.005474452554744526,0.029197080291970805
667788,94937,Benedikt Gimber,0.3,0.4,FC Heidenheim,47.9,Bundesliga,0.006263048016701462,0.008350730688935283
852347,10269,Dan-Axel Zagadou,0.3,0.1,VfB Stuttgart,60.4,Bundesliga,0.004966887417218543,0.001655629139072848
406501,9790,Daniel Heuer Fernandes,0.3,0.1,Hamburger SV,41.6,Bundesliga,0.007211538461538461,0.002403846153846154
1690072,8722,Felipe Chávez,0.3,0.8,1. FC Köln,52.8,Bundesliga,0.005681818181818182,0.015151515151515154
926445,8406,Finn Dahmen,0.3,0.2,Augsburg,46.7,Bundesliga,0.006423982869379014,0.004282655246252677
245315,8406,Jeffrey Gouweleeuw,0.3,0.7,Augsburg,46.7,Bundesliga,0.006423982869379014,0.014989293361884367
260470,8697,Leonardo Bittencourt,0.3,1.3,Werder Bremen,41.9,Bundesliga,0.007159904534606206,0.03102625298329356
513503,10269,Pascal Stenzel,0.3,0.0,VfB Stuttgart,60.4,Bundesliga,0.004966887417218543,0.0
1125187,10269,Ramon Hendriks,0.3,1.1,VfB Stuttgart,60.4,Bundesliga,0.004966887417218543,0.018211920529801327
1034808,9823,Sacha Boey,0.3,0.3,Bayern München,100.7,Bundesliga,0.002979145978152929,0.002979145978152929
1888413,8722,Youssoupha Niang,0.3,0.1,1. FC Köln,52.8,Bundesliga,0.005681818181818182,0.0018939393939393942
681383,178475,Benjamin Henrichs,0.2,0.1,RB Leipzig,67.4,Bundesliga,0.002967359050445104,0.001483679525222552
1529161,178475,Max Finkgräfe,0.2,0.7,RB Leipzig,67.4,Bundesliga,0.002967359050445104,0.010385756676557861
907495,8149,Stanley N'Soki,0.2,0.3,Union Berlin,45.9,Bundesliga,0.004357298474945534,0.006535947712418301
1695701,8178,Axel Tape,0.2,0.0,Bayer Leverkusen,65.7,Bundesliga,0.0030441400304414,0.0
1000011,94937,Christian Conteh,0.2,1.2,FC Heidenheim,47.9,Bundesliga,0.004175365344467641,0.025052192066805846
1173788,178475,El Chadaille Bitshiabu,0.2,0.1,RB Leipzig,67.4,Bundesliga,0.002967359050445104,0.001483679525222552
711074,9790,Guilherme Ramos,0.2,0.0,Hamburger SV,41.6,Bundesliga,0.004807692307692308,0.0
1244924,8406,Ismaël Gharbi,0.2,0.1,Augsburg,46.7,Bundesliga,0.004282655246252677,0.0021413276231263384
1203192,8721,Jenson Seelt,0.2,0.1,Wolfsburg,48.0,Bundesliga,0.004166666666666667,0.0020833333333333333
1003254,8722,Joël Schmied,0.2,0.3,1. FC Köln,52.8,Bundesliga,0.0037878787878787884,0.005681818181818182
1308600,9788,Kota Takai,0.2,0.1,Borussia Mönchengladbach,42.8,Bundesliga,0.004672897196261683,0.0023364485981308414
657217,8406,Mads Valentin Pedersen,0.2,0.4,Augsburg,46.7,Bundesliga,0.004282655246252677,0.008565310492505354
1718174,8406,Uchenna Ogundu,0.2,0.0,Augsburg,46.7,Bundesliga,0.004282655246252677,0.0
1494947,9789,Aaron Anselmino,0.1,0.1,Borussia Dortmund,63.8,Bundesliga,0.0015673981191222572,0.0015673981191222572
361712,8152,Adam Dzwigala,0.1,0.3,St. Pauli,31.1,Bundesliga,0.003215434083601286,0.009646302250803858
1202769,94937,Léo Scienza,0.1,0.4,FC Heidenheim,47.9,Bundesliga,0.0020876826722338207,0.008350730688935283
1536762,8406,Aiman Dardari,0.1,0.0,Augsburg,46.7,Bundesliga,0.0021413276231263384,0.0
1644278,9790,Alexander Røssing,0.1,0.4,Hamburger SV,41.6,Bundesliga,0.002403846153846154,0.009615384615384616
1479919,9789,Almugera Kabar,0.1,0.0,Borussia Dortmund,63.8,Bundesliga,0.0015673981191222572,0.0
1279764,10269,Ameen Al Dakhil,0.1,0.1,VfB Stuttgart,60.4,Bundesliga,0.001655629139072848,0.001655629139072848
1482209,178475,Andrija Maksimovic,0.1,0.2,RB Leipzig,67.4,Bundesliga,0.001483679525222552,0.002967359050445104
166733,8149,Christopher Trimmel,0.1,6.4,Union Berlin,45.9,Bundesliga,0.002178649237472767,0.1394335511982571
1486264,8178,Claudio Echeverri,0.1,0.4,Bayer Leverkusen,65.7,Bundesliga,0.0015220700152207,0.0060882800608828
1288195,8226,Cole Campbell,0.1,0.5,Hoffenheim,55.7,Bundesliga,0.0017953321364452424,0.008976660682226212
1771197,9823,David Santos,0.1,0.0,Bayern München,100.7,Bundesliga,0.0009930486593843098,0.0
1393439,8178,Eliesse Ben Seghir,0.1,0.9,Bayer Leverkusen,65.7,Bundesliga,0.0015220700152207,0.0136986301369863
1185629,9905,Fabio Moreno Fell,0.1,0.0,Mainz 05,54.8,Bundesliga,0.0018248175182481753,0.0
937368,8697,Felix Agu,0.1,0.8,Werder Bremen,41.9,Bundesliga,0.002386634844868735,0.01909307875894988
1487877,10269,Finn Jeltsch,0.1,0.3,VfB Stuttgart,60.4,Bundesliga,0.001655629139072848,0.004966887417218543
1759640,8721,Jan Bürger,0.1,0.1,Wolfsburg,48.0,Bundesliga,0.0020833333333333333,0.0020833333333333333
1418122,10269,Jeremy Arévalo,0.1,0.0,VfB Stuttgart,60.4,Bundesliga,0.001655629139072848,0.0
1432344,8721,Jonas Adjetey,0.1,0.1,Wolfsburg,48.0,Bundesliga,0.0020833333333333333,0.0020833333333333333
1136099,8721,Kevin Paredes,0.1,0.2,Wolfsburg,48.0,Bundesliga,0.0020833333333333333,0.004166666666666667
1187389,8721,Kilian Fischer,0.1,0.3,Wolfsburg,48.0,Bundesliga,0.0020833333333333333,0.0062499999999999995
1518938,10269,Lazar Jovanovic,0.1,0.3,VfB Stuttgart,60.4,Bundesliga,0.001655629139072848,0.004966887417218543
1019947,94937,Leonidas Stergiou,0.1,0.0,FC Heidenheim,47.9,Bundesliga,0.0020876826722338207,0.0
747767,178475,Loïs Openda,0.1,0.3,RB Leipzig,67.4,Bundesliga,0.001483679525222552,0.004451038575667655
1270002,10269,Luca Jaquez,0.1,0.5,VfB Stuttgart,60.4,Bundesliga,0.001655629139072848,0.008278145695364239
526657,178475,Lukas Klostermann,0.1,0.0,RB Leipzig,67.4,Bundesliga,0.001483679525222552,0.0
212865,8358,Nicolas Höfler,0.1,0.0,Freiburg,49.1,Bundesliga,0.0020366598778004076,0.0
1336754,9905,Nikolas Veratschnig,0.1,1.1,Mainz 05,54.8,Bundesliga,0.0018248175182481753,0.02007299270072993
738064,9789,Salih Özcan,0.1,0.3,Borussia Dortmund,63.8,Bundesliga,0.0015673981191222572,0.004702194357366771
1134759,9905,Sota Kawasaki,0.1,0.3,Mainz 05,54.8,Bundesliga,0.0018248175182481753,0.005474452554744526
922731,8152,Taichi Hara,0.1,0.0,St. Pauli,31.1,Bundesliga,0.003215434083601286,0.0
1366006,8226,Umut Tohumcu,0.1,0.0,Hoffenheim,55.7,Bundesliga,0.0017953321364452424,0.0
1202595,9790,Warmed Omari,0.1,0.3,Hamburger SV,41.6,Bundesliga,0.002403846153846154,0.007211538461538461
1692886,9823,Wisdom Mike,0.1,0.0,Bayern München,100.7,Bundesliga,0.0009930486593843098,0.0
343766,8358,Anthony Jung,0.0,0.8,Freiburg,49.1,Bundesliga,0.0,0.01629327902240326
767716,9810,Aurélio Buta,0.0,0.1,Eintracht Frankfurt,45.8,Bundesliga,0.0,0.0021834061135371182
1829390,8722,Fynn Schenten,0.0,0.2,1. FC Köln,52.8,Bundesliga,0.0,0.0037878787878787884
1071178,9790,Immanuël Pherai,0.0,0.0,Hamburger SV,41.6,Bundesliga,0.0,0.0
1201408,8697,Julián Malatini,0.0,0.5,Werder Bremen,41.9,Bundesliga,0.0,0.011933174224343675
760722,8721,Kamil Grabara,0.0,0.1,Wolfsburg,48.0,Bundesliga,0.0,0.0020833333333333333
1155130,9788,Luca Netz,0.0,1.5,Borussia Mönchengladbach,42.8,Bundesliga,0.0,0.03504672897196262
1281107,8358,Max Rosenfelder,0.0,0.0,Freiburg,49.1,Bundesliga,0.0,0.0
772005,9905,Maxim Leitsch,0.0,0.0,Mainz 05,54.8,Bundesliga,0.0,0.0
447084,9789,Niklas Süle,0.0,0.2,Borussia Dortmund,63.8,Bundesliga,0.0,0.0031347962382445144
1843927,8721,Pharrell Hensel,0.0,0.0,Wolfsburg,48.0,Bundesliga,0.0,0.0
447959,8149,Robert Skov,0.0,0.1,Union Berlin,45.9,Bundesliga,0.0,0.002178649237472767
1860819,178475,Samba Konate,0.0,,RB Leipzig,67.4,Bundesliga,0.0,
980288,94937,Thomas Leon Keller,0.0,0.1,FC Heidenheim,47.9,Bundesliga,0.0,0.0020876826722338207
623540,8721,Václav Cerny,0.0,0.0,Wolfsburg,48.0,Bundesliga,0.0,0.0
1135609,9905,William Bøving,0.0,0.5,Mainz 05,54.8,Bundesliga,0.0,0.009124087591240877
1791784,94937,Yannik Wagner,0.0,0.5,FC Heidenheim,47.9,Bundesliga,0.0,0.010438413361169102
747926,8535,Moise Kean,15.1,0.2,Fiorentina,53.1,Serie A,0.2843691148775894,0.0037664783427495295
660301,8686,Donyell Malen,14.2,2.4,Roma,55.0,Serie A,0.2581818181818182,0.04363636363636363
833638,8524,Nikola Krstovic,14.0,2.1,Atalanta,57.9,Serie A,0.24179620034542315,0.036269430051813475
690230,8636,Lautaro Martínez,13.5,2.7,Inter,72.2,Serie A,0.18698060941828254,0.03739612188365651
873270,10171,Anastasios Douvikas,12.1,1.5,Como,61.9,Serie A,0.19547657512116318,0.024232633279483037
843099,9875,Scott McTominay,11.0,1.6,Napoli,51.4,Serie A,0.21400778210116733,0.031128404669260704
1199272,9875,Rasmus Højlund,10.6,2.8,Napoli,51.4,Serie A,0.20622568093385213,0.054474708171206226
1368557,9876,Gift Orban,10.5,1.4,Hellas Verona,35.6,Serie A,0.2949438202247191,0.03932584269662921
724368,8600,Keinan Davis,10.1,2.2,Udinese,42.2,Serie A,0.23933649289099523,0.05213270142180095
469615,9804,Giovanni Simeone,9.9,0.8,Torino,45.8,Serie A,0.2161572052401747,0.017467248908296946
848844,8564,Rafael Leão,9.9,3.4,Milan,60.3,Serie A,0.16417910447761194,0.05638474295190713
543306,7801,Federico Bonazzoli,9.7,1.6,Cremonese,35.7,Serie A,0.27170868347338933,0.04481792717086835
661761,9857,Riccardo Orsolini,9.7,1.1,Bologna,44.4,Serie A,0.21846846846846846,0.02477477477477478
704523,8564,Christopher Nkunku,9.5,1.5,Milan,60.3,Serie A,0.15754560530679934,0.024875621890547265
621562,8636,Marcus Thuram,9.4,2.6,Inter,72.2,Serie A,0.13019390581717452,0.036011080332409975
750030,7943,Andrea Pinamonti,8.8,1.1,Sassuolo,42.9,Serie A,0.20512820512820515,0.025641025641025644
939569,9885,Jonathan David,8.8,1.7,Juventus,68.9,Serie A,0.12772133526850507,0.024673439767779387
1224237,10167,Mateo Pellegrino,8.6,1.1,Parma,32.0,Serie A,0.26875,0.034375
1347574,10171,Nico Paz,8.5,4.5,Como,61.9,Serie A,0.1373182552504039,0.07269789983844911
1050163,10233,Lorenzo Colombo,8.3,1.3,Genoa,45.4,Serie A,0.18281938325991193,0.028634361233480177
1412132,9885,Kenan Yildiz,8.2,9.6,Juventus,68.9,Serie A,0.1190130624092888,0.13933236574746008
688295,8564,Christian Pulisic,8.1,4.1,Milan,60.3,Serie A,0.13432835820895522,0.06799336650082918
1185336,9885,Francisco Conceição,7.8,5.2,Juventus,68.9,Serie A,0.11320754716981131,0.07547169811320754
848266,9885,Weston McKennie,7.5,6.1,Juventus,68.9,Serie A,0.10885341074020319,0.08853410740203192
1367618,8636,Francesco Pio Esposito,7.4,1.4,Inter,72.2,Serie A,0.10249307479224377,0.019390581717451522
613334,7943,M'Bala Nzola,7.3,0.7,Sassuolo,42.9,Serie A,0.17016317016317017,0.016317016317016316
1282008,9857,Santiago Castro,7.2,0.9,Bologna,44.4,Serie A,0.16216216216216217,0.02027027027027027
737857,9885,Dusan Vlahovic,7.1,1.2,Juventus,68.9,Serie A,0.10304789550072567,0.01741654571843251
557677,9804,Nikola Vlasic,7.0,3.3,Torino,45.8,Serie A,0.15283842794759828,0.07205240174672489
721089,8524,Gianluca Scamacca,6.7,0.8,Atalanta,57.9,Serie A,0.1157167530224525,0.01381692573402418
1076647,10171,Lucas Da Cunha,6.6,5.1,Como,61.9,Serie A,0.10662358642972536,0.08239095315024232
1017401,8535,Roberto Piccoli,6.5,1.0,Fiorentina,53.1,Serie A,0.1224105461393597,0.018832391713747645
921921,7943,Kristian Thorstvedt,6.3,2.0,Sassuolo,42.9,Serie A,0.14685314685314685,0.046620046620046623
1215057,10233,Vítinha,6.2,2.1,Genoa,45.4,Serie A,0.13656387665198239,0.04625550660792952
506776,6479,Stefano Moreo,5.9,2.0,Pisa,39.8,Serie A,0.14824120603015079,0.05025125628140704
364520,7943,Domenico Berardi,5.8,3.3,Sassuolo,42.9,Serie A,0.1351981351981352,0.07692307692307693
304733,8636,Hakan Çalhanoglu,5.7,3.5,Inter,72.2,Serie A,0.07894736842105263,0.048476454293628804
599353,9804,Ché Adams,5.7,2.1,Torino,45.8,Serie A,0.12445414847161573,0.04585152838427948
665188,8535,Albert Gudmundsson,5.6,2.4,Fiorentina,53.1,Serie A,0.10546139359698681,0.04519774011299435
818893,8600,Nicolò Zaniolo,5.5,3.7,Udinese,42.2,Serie A,0.13033175355450236,0.08767772511848342
540307,8686,Lorenzo Pellegrini,5.3,3.0,Roma,55.0,Serie A,0.09636363636363636,0.05454545454545454
605224,8636,Federico Dimarco,5.2,11.3,Inter,72.2,Serie A,0.07202216066481995,0.15650969529085873
1288119,7943,Ismaël Koné,5.2,1.8,Sassuolo,42.9,Serie A,0.12121212121212122,0.04195804195804196
1030212,8529,Sebastiano Esposito,5.0,4.6,Cagliari,38.3,Serie A,0.13054830287206268,0.12010443864229765
1016093,8543,Gustav Isaksen,5.0,1.2,Lazio,43.3,Serie A,0.11547344110854504,0.02771362586605081
286119,7801,Jamie Vardy,4.9,0.8,Cremonese,35.7,Serie A,0.13725490196078433,0.022408963585434174
934156,8600,Jurgen Ekkelenkamp,4.9,1.8,Udinese,42.2,Serie A,0.11611374407582939,0.042654028436018954
73167,8636,Henrikh Mkhitaryan,4.9,3.1,Inter,72.2,Serie A,0.06786703601108034,0.04293628808864266
213501,10171,Álvaro Morata,4.9,0.5,Como,61.9,Serie A,0.0791599353796446,0.008077544426494346
1282285,8543,Tijjani Noslin,4.8,1.0,Lazio,43.3,Serie A,0.11085450346420324,0.023094688221709007
325916,8686,Paulo Dybala,4.8,5.1,Roma,55.0,Serie A,0.08727272727272727,0.09272727272727273
577911,8535,Rolando Mandragora,4.7,2.6,Fiorentina,53.1,Serie A,0.08851224105461394,0.04896421845574388
459658,10233,Ruslan Malinovsky,4.6,3.3,Genoa,45.4,Serie A,0.1013215859030837,0.07268722466960352
1413963,10171,Jacobo Ramón,4.6,1.5,Como,61.9,Serie A,0.07431340872374798,0.024232633279483037
1178314,9888,Nikola Stulic,4.5,1.3,Lecce,31.6,Serie A,0.14240506329113922,0.04113924050632911
957203,8524,Éderson,4.4,1.6,Atalanta,57.9,Serie A,0.07599309153713299,0.02763385146804836
352879,8564,Adrien Rabiot,4.3,3.4,Milan,60.3,Serie A,0.07131011608623548,0.05638474295190713
1146500,8543,Matteo Cancellieri,4.3,1.6,Lazio,43.3,Serie A,0.09930715935334873,0.03695150115473442
1339372,9804,Cesare Casadei,4.2,1.6,Torino,45.8,Serie A,0.09170305676855896,0.03493449781659389
982617,9876,Kieron Bowie,4.2,0.5,Hellas Verona,35.6,Serie A,0.11797752808988764,0.014044943820224719
541555,8543,Mattia Zaccagni,4.1,2.7,Lazio,43.3,Serie A,0.09468822170900693,0.06235565819861433
1280082,8686,Matias Soulé,4.0,4.2,Roma,55.0,Serie A,0.07272727272727272,0.07636363636363637
1428426,8600,Arthur Atta,4.0,2.3,Udinese,42.2,Serie A,0.0947867298578199,0.05450236966824644
169200,9875,Kevin De Bruyne,4.0,3.5,Napoli,51.4,Serie A,0.07782101167315175,0.06809338521400779
1113694,9857,Jonathan Rowe,4.0,2.0,Bologna,44.4,Serie A,0.0900900900900901,0.04504504504504505
1624039,10171,Jesús Rodríguez,4.0,4.3,Como,61.9,Serie A,0.06462035541195477,0.06946688206785137
116555,9804,Duván Zapata,3.9,1.1,Torino,45.8,Serie A,0.0851528384279476,0.0240174672489083
276791,8564,Niclas Füllkrug,3.9,0.6,Milan,60.3,Serie A,0.06467661691542288,0.009950248756218905
935769,7943,Armand Laurienté,3.8,4.7,Sassuolo,42.9,Serie A,0.08857808857808858,0.10955710955710957
1199383,8636,Ange-Yoan Bonny,3.8,1.9,Inter,72.2,Serie A,0.05263157894736842,0.02631578947368421
424614,10233,Caleb Ekuban,3.7,0.8,Genoa,45.4,Serie A,0.0814977973568282,0.01762114537444934
1355574,9875,Giovane Nascimento,3.7,1.9,Napoli,51.4,Serie A,0.07198443579766538,0.03696498054474708
954621,8564,Youssouf Fofana,3.7,3.4,Milan,60.3,Serie A,0.06135986733001659,0.05638474295190713
1078113,9888,Walid Cheddira,3.6,0.9,Lecce,31.6,Serie A,0.11392405063291139,0.028481012658227847
1095432,8524,Charles De Ketelaere,3.6,8.8,Atalanta,57.9,Serie A,0.062176165803108814,0.15198618307426598
1296413,6479,Henrik Meister,3.6,0.1,Pisa,39.8,Serie A,0.09045226130653267,0.0025125628140703522
1574492,9888,Tiago Gabriel,3.6,0.1,Lecce,31.6,Serie A,0.11392405063291139,0.0031645569620253164
747767,9885,Loïs Openda,3.6,1.2,Juventus,68.9,Serie A,0.052249637155297526,0.01741654571843251
1048023,8564,Strahinja Pavlovic,3.5,1.2,Milan,60.3,Serie A,0.05804311774461028,0.01990049751243781
740944,10233,Leo Østigard,3.4,0.8,Genoa,45.4,Serie A,0.07488986784140969,0.01762114537444934
593118,8636,Denzel Dumfries,3.4,0.9,Inter,72.2,Serie A,0.047091412742382266,0.012465373961218837
822440,8529,Michael Folorunsho,3.4,1.1,Cagliari,38.3,Serie A,0.08877284595300261,0.02872062663185379
954092,8564,Santiago Giménez,3.4,0.6,Milan,60.3,Serie A,0.05638474295190713,0.009950248756218905
921341,8564,Alexis Saelemaekers,3.3,4.8,Milan,60.3,Serie A,0.05472636815920398,0.07960199004975124
864006,6479,Mattéo Tramoni,3.3,2.3,Pisa,39.8,Serie A,0.0829145728643216,0.05778894472361809
1039403,9888,Santiago Pierotti,3.3,1.5,Lecce,31.6,Serie A,0.10443037974683543,0.04746835443037974
1030646,8529,Gennaro Borrelli,3.2,0.4,Cagliari,38.3,Serie A,0.08355091383812012,0.010443864229765015
951743,8524,Giacomo Raspadori,3.2,1.5,Atalanta,57.9,Serie A,0.05526770293609672,0.02590673575129534
541820,8636,Nicolò Barella,3.2,6.6,Inter,72.2,Serie A,0.0443213296398892,0.09141274238227146
604982,8564,Ruben Loftus-Cheek,3.2,1.1,Milan,60.3,Serie A,0.05306799336650084,0.018242122719734664
1072054,8543,Daniel Maldini,3.2,1.0,Lazio,43.3,Serie A,0.07390300230946883,0.023094688221709007
980793,9885,Khéphren Thuram-Ulien,3.1,3.6,Juventus,68.9,Serie A,0.04499274310595065,0.052249637155297526
414245,9857,Federico Bernardeschi,3.0,2.3,Bologna,44.4,Serie A,0.06756756756756757,0.0518018018018018
362120,8543,Danilo Cataldi,3.0,1.4,Lazio,43.3,Serie A,0.06928406466512703,0.03233256351039261
1050178,8524,Lazar Samardzic,3.0,2.6,Atalanta,57.9,Serie A,0.05181347150259068,0.044905008635578586
643229,9885,Jérémie Boga,2.9,3.2,Juventus,68.9,Serie A,0.042089985486211894,0.04644412191582003
1078846,9885,Andrea Cambiaso,2.9,5.5,Juventus,68.9,Serie A,0.042089985486211894,0.07982583454281567
1669628,10233,Jeff Ekhator,2.9,0.4,Genoa,45.4,Serie A,0.06387665198237885,0.00881057268722467
518346,8535,Robin Gosens,2.9,1.5,Fiorentina,53.1,Serie A,0.05461393596986817,0.02824858757062147
1053714,8524,Nicola Zalewski,2.9,4.5,Atalanta,57.9,Serie A,0.05008635578583765,0.07772020725388601
885085,9857,Thijs Dallinga,2.9,0.5,Bologna,44.4,Serie A,0.06531531531531531,0.011261261261261262
474448,7801,Antonio Sanabria,2.9,0.2,Cremonese,35.7,Serie A,0.08123249299719887,0.0056022408963585435
741049,9875,Eljif Elmas,2.9,1.9,Napoli,51.4,Serie A,0.05642023346303502,0.03696498054474708
896377,9888,Lameck Banda,2.8,2.6,Lecce,31.6,Serie A,0.08860759493670885,0.08227848101265822
857269,9885,Gleison Bremer,2.8,1.2,Juventus,68.9,Serie A,0.04063860667634252,0.01741654571843251
355356,10171,Marc-Oliver Kempf,2.8,0.8,Como,61.9,Serie A,0.045234248788368334,0.012924071082390954
664587,9888,Lassana Coulibaly,2.8,1.2,Lecce,31.6,Serie A,0.08860759493670885,0.03797468354430379
866708,8600,Oumar Solet,2.8,2.4,Udinese,42.2,Serie A,0.06635071090047392,0.05687203791469194
731600,6479,Idrissa Touré,2.8,3.5,Pisa,39.8,Serie A,0.07035175879396985,0.08793969849246232
624166,9885,Manuel Locatelli,2.8,5.0,Juventus,68.9,Serie A,0.04063860667634252,0.07256894049346879
446266,8524,Mario Pasalic,2.7,2.9,Atalanta,57.9,Serie A,0.04663212435233161,0.05008635578583765
690516,8524,Ademola Lookman,2.7,1.5,Atalanta,57.9,Serie A,0.04663212435233161,0.02590673575129534
1434889,10171,Assane Diao,2.7,1.2,Como,61.9,Serie A,0.04361873990306947,0.01938610662358643
689987,8600,Jakub Piotrowski,2.7,0.8,Udinese,42.2,Serie A,0.06398104265402843,0.018957345971563982
1079080,6479,Filip Stojilkovic,2.7,0.6,Pisa,39.8,Serie A,0.06783919597989951,0.015075376884422112
1246009,8535,Cher Ndour,2.6,1.2,Fiorentina,53.1,Serie A,0.04896421845574388,0.022598870056497175
1068482,8686,Evan Ferguson,2.6,0.9,Roma,55.0,Serie A,0.04727272727272727,0.016363636363636365
1202358,8524,Giorgio Scalvini,2.6,1.6,Atalanta,57.9,Serie A,0.044905008635578586,0.02763385146804836
639671,10167,Patrick Cutrone,2.6,0.3,Parma,32.0,Serie A,0.08125,0.009375
362212,8636,Piotr Zielinski,2.5,3.1,Inter,72.2,Serie A,0.03462603878116343,0.04293628808864266
689680,9857,Jens Odgaard,2.5,1.3,Bologna,44.4,Serie A,0.05630630630630631,0.029279279279279282
612863,9875,Frank Anguissa,2.5,1.3,Napoli,51.4,Serie A,0.048638132295719845,0.02529182879377432
588687,8686,Gianluca Mancini,2.5,1.5,Roma,55.0,Serie A,0.045454545454545456,0.02727272727272727
655696,8686,Artem Dovbyk,2.5,0.4,Roma,55.0,Serie A,0.045454545454545456,0.007272727272727273
889535,8636,Yann Aurel Bisseck,2.5,1.1,Inter,72.2,Serie A,0.03462603878116343,0.015235457063711912
951712,8535,Nicolò Fagioli,2.5,3.7,Fiorentina,53.1,Serie A,0.047080979284369114,0.0696798493408663
936164,8529,Michel Ndary Adopo,2.5,1.2,Cagliari,38.3,Serie A,0.06527415143603134,0.03133159268929504
150250,8543,Pedro,2.4,1.3,Lazio,43.3,Serie A,0.05542725173210162,0.030023094688221712
1276505,8535,Giovanni Fabbian,2.4,0.9,Fiorentina,53.1,Serie A,0.04519774011299435,0.01694915254237288
415539,9875,Matteo Politano,2.4,4.9,Napoli,51.4,Serie A,0.04669260700389105,0.0953307392996109
244811,8524,Davide Zappacosta,2.3,5.0,Atalanta,57.9,Serie A,0.039723661485319514,0.08635578583765112
439148,7801,Morten Thorsby,2.3,0.5,Cremonese,35.7,Serie A,0.06442577030812324,0.014005602240896357
1130691,8524,Kamaldeen Sulemana,2.3,2.1,Atalanta,57.9,Serie A,0.039723661485319514,0.036269430051813475
846000,10171,Maxence Caqueret,2.3,2.3,Como,61.9,Serie A,0.03715670436187399,0.03715670436187399
942193,10233,Mikael Egill Ellertsson,2.3,1.7,Genoa,45.4,Serie A,0.05066079295154185,0.037444933920704845
1289520,6479,Gabriele Piccinini,2.3,0.9,Pisa,39.8,Serie A,0.05778894472361809,0.022613065326633167
951714,10167,Adrián Bernabé,2.2,3.1,Parma,32.0,Serie A,0.06875,0.096875
1231029,9876,Rafik Belghali,2.2,3.0,Hellas Verona,35.6,Serie A,0.06179775280898877,0.08426966292134831
972120,8543,Boulaye Dia,2.2,0.5,Lazio,43.3,Serie A,0.05080831408775982,0.011547344110854504
750734,8535,Dodô,2.2,5.0,Fiorentina,53.1,Serie A,0.04143126177024482,0.09416195856873823
1301633,9804,Emirhan Ilkhan,2.2,0.7,Torino,45.8,Serie A,0.0480349344978166,0.015283842794759825
466113,7801,Jari Vandeputte,2.2,4.4,Cremonese,35.7,Serie A,0.06162464985994398,0.12324929971988796
815431,8636,Davide Frattesi,2.2,0.2,Inter,72.2,Serie A,0.030470914127423823,0.002770083102493075
557396,8600,Adam Buksa,2.1,0.5,Udinese,42.2,Serie A,0.04976303317535545,0.011848341232227487
1336582,10171,Máximo Perrone,2.1,2.9,Como,61.9,Serie A,0.033925686591276254,0.046849757673667204
1044029,9857,Nicolò Cambiaghi,2.1,2.4,Bologna,44.4,Serie A,0.0472972972972973,0.05405405405405406
1159233,7943,Alieu Fadera,2.1,1.2,Sassuolo,42.9,Serie A,0.04895104895104895,0.027972027972027972
195416,6479,Antonio Caracciolo,2.1,0.2,Pisa,39.8,Serie A,0.05276381909547739,0.0050251256281407045
299799,8686,Bryan Cristante,2.1,2.8,Roma,55.0,Serie A,0.038181818181818185,0.050909090909090904
935380,10167,Enrico Del Prato,2.1,0.9,Parma,32.0,Serie A,0.065625,0.028125
1189288,9885,Federico Gatti,2.1,0.1,Juventus,68.9,Serie A,0.03047895500725689,0.001451378809869376
1016132,8686,Kouadio Koné,2.1,2.5,Roma,55.0,Serie A,0.038181818181818185,0.045454545454545456
667790,9876,Suat Serdar,2.1,0.8,Hellas Verona,35.6,Serie A,0.05898876404494382,0.02247191011235955
1280080,9885,Fabio Miretti,2.1,1.8,Juventus,68.9,Serie A,0.03047895500725689,0.026124818577648763
787242,8686,Evan N'Dicka,2.0,0.8,Roma,55.0,Serie A,0.03636363636363636,0.014545454545454545
970565,8543,Kenneth Taylor,2.0,0.9,Lazio,43.3,Serie A,0.046189376443418015,0.020785219399538108
414906,9875,Giovanni Di Lorenzo,2.0,2.8,Napoli,51.4,Serie A,0.038910505836575876,0.054474708171206226
521318,8636,Manuel Akanji,2.0,1.4,Inter,72.2,Serie A,0.027700831024930747,0.019390581717451522
823658,8543,Valentín Castellanos,2.0,0.8,Lazio,43.3,Serie A,0.046189376443418015,0.01847575057736721
1110045,10167,Gaetano Oristanio,2.0,0.9,Parma,32.0,Serie A,0.0625,0.028125
1200591,10233,Tommaso Baldanzi,2.0,1.4,Genoa,45.4,Serie A,0.04405286343612335,0.030837004405286344
1435689,8529,Semih Kiliçsoy,1.9,0.2,Cagliari,38.3,Serie A,0.04960835509138381,0.0052219321148825075
1003368,10233,Junior Messias,1.9,1.6,Genoa,45.4,Serie A,0.04185022026431718,0.03524229074889868
309726,8529,Andrea Belotti,1.9,0.0,Cagliari,38.3,Serie A,0.04960835509138381,0.0
1163501,7801,Filippo Terracciano,1.9,0.8,Cremonese,35.7,Serie A,0.053221288515406154,0.022408963585434174
1012842,8529,Gianluca Gaetano,1.9,1.8,Cagliari,38.3,Serie A,0.04960835509138381,0.046997389033942565
1460253,10167,Nesta Elphege,1.9,0.1,Parma,32.0,Serie A,0.059375,0.003125
1902196,8529,Paul Mendy,1.9,0.1,Cagliari,38.3,Serie A,0.04960835509138381,0.0026109660574412537
1554575,9888,Francesco Camarda,1.9,0.6,Lecce,31.6,Serie A,0.06012658227848101,0.018987341772151896
935406,8535,Luca Ranieri,1.9,1.1,Fiorentina,53.1,Serie A,0.035781544256120526,0.02071563088512241
1669629,8524,Honest Ahanor,1.9,0.7,Atalanta,57.9,Serie A,0.03281519861830742,0.012089810017271156
1189223,10233,Patrizio Masini,1.9,0.9,Genoa,45.4,Serie A,0.04185022026431718,0.019823788546255508
1215064,10171,Martin Baturina,1.8,4.8,Como,61.9,Serie A,0.029079159935379646,0.07754442649434572
671203,8686,Mario Hermoso,1.8,0.8,Roma,55.0,Serie A,0.03272727272727273,0.014545454545454545
950596,8535,Marco Brescianini,1.8,0.8,Fiorentina,53.1,Serie A,0.03389830508474576,0.015065913370998118
994403,9804,Cyril Ngonge,1.8,0.6,Torino,45.8,Serie A,0.039301310043668124,0.013100436681222708
874621,7801,Martín Payero,1.8,1.0,Cremonese,35.7,Serie A,0.050420168067226885,0.028011204481792715
1289942,6479,Samuele Angori,1.8,4.0,Pisa,39.8,Serie A,0.04522613065326633,0.10050251256281408
790732,9857,Tommaso Pobega,1.7,0.7,Bologna,44.4,Serie A,0.038288288288288286,0.015765765765765764
1308909,7943,Cristian Volpato,1.7,1.6,Sassuolo,42.9,Serie A,0.039627039627039624,0.037296037296037296
824623,9876,Martin Frese,1.7,2.4,Hellas Verona,35.6,Serie A,0.047752808988764044,0.06741573033707865
1451196,8686,Niccolò Pisilli,1.7,1.2,Roma,55.0,Serie A,0.030909090909090907,0.021818181818181816
1382000,8636,Petar Sucic,1.7,3.2,Inter,72.2,Serie A,0.023545706371191133,0.0443213296398892
1131217,9885,Pierre Kalulu,1.7,3.3,Juventus,68.9,Serie A,0.024673439767779387,0.0478955007256894
873573,9875,Sam Beukema,1.7,0.5,Napoli,51.4,Serie A,0.033073929961089495,0.009727626459143969
1532261,8600,Idrissa Gueye,1.7,0.2,Udinese,42.2,Serie A,0.04028436018957346,0.004739336492890996
1473806,8529,Marco Palestra,1.7,3.5,Cagliari,38.3,Serie A,0.044386422976501305,0.09138381201044388
935622,9804,Marcus Holmgren Pedersen,1.7,2.0,Torino,45.8,Serie A,0.03711790393013101,0.04366812227074236
1320176,8686,Wesley,1.6,3.7,Roma,55.0,Serie A,0.02909090909090909,0.06727272727272728
1214915,10233,Brooke Norton-Cuffy,1.6,1.8,Genoa,45.4,Serie A,0.03524229074889868,0.039647577092511016
402830,9804,Guillermo Maripán,1.6,0.5,Torino,45.8,Serie A,0.03493449781659389,0.01091703056768559
31097,8564,Luka Modric,1.6,4.8,Milan,60.3,Serie A,0.02653399668325042,0.07960199004975124
847357,6479,Mehdi Léris,1.6,2.0,Pisa,39.8,Serie A,0.040201005025125636,0.05025125628140704
1250485,7943,Tarik Muharemovic,1.6,0.4,Sassuolo,42.9,Serie A,0.037296037296037296,0.009324009324009324
496042,8529,Yerry Mina,1.6,0.6,Cagliari,38.3,Serie A,0.04177545691906006,0.01566579634464752
1396375,8529,Ibrahim Sulemana,1.6,0.2,Cagliari,38.3,Serie A,0.04177545691906006,0.0052219321148825075
1396089,9804,Matteo Prati,1.6,1.1,Torino,45.8,Serie A,0.03493449781659389,0.0240174672489083
1097009,10167,Oliver Sørensen,1.6,0.5,Parma,32.0,Serie A,0.05,0.015625
850295,7801,Alessio Zerbin,1.6,2.0,Cremonese,35.7,Serie A,0.04481792717086835,0.05602240896358543
260964,8524,Berat Djimsiti,1.6,0.7,Atalanta,57.9,Serie A,0.02763385146804836,0.012089810017271156
793066,9875,David Neres,1.5,3.2,Napoli,51.4,Serie A,0.029182879377431907,0.06225680933852141
1347241,10171,Jayden Addai,1.5,1.2,Como,61.9,Serie A,0.024232633279483037,0.01938610662358643
314605,10171,Alberto Moreno,1.5,0.5,Como,61.9,Serie A,0.024232633279483037,0.008077544426494346
940829,8636,Carlos Augusto,1.5,1.5,Inter,72.2,Serie A,0.02077562326869806,0.02077562326869806
941656,8564,Samuele Ricci,1.5,1.9,Milan,60.3,Serie A,0.024875621890547265,0.03150912106135987
161328,8686,Stephan El Shaarawy,1.5,1.4,Roma,55.0,Serie A,0.02727272727272727,0.025454545454545452
867225,8686,Zeki Çelik,1.5,2.0,Roma,55.0,Serie A,0.02727272727272727,0.03636363636363636
449283,8529,Alessandro Deiola,1.5,0.4,Cagliari,38.3,Serie A,0.0391644908616188,0.010443864229765015
362195,8543,Alessio Romagnoli,1.5,0.4,Lazio,43.3,Serie A,0.034642032332563515,0.009237875288683604
426880,10233,Maxwel Cornet,1.5,0.1,Genoa,45.4,Serie A,0.03303964757709251,0.0022026431718061676
866516,9885,Teun Koopmeiners,1.5,1.3,Juventus,68.9,Serie A,0.02177068214804064,0.018867924528301886
1355552,9875,Alisson Santos,1.4,0.9,Napoli,51.4,Serie A,0.027237354085603113,0.017509727626459144
544693,9875,Amir Rrahmani,1.4,0.4,Napoli,51.4,Serie A,0.027237354085603113,0.007782101167315176
560945,10171,Mërgim Vojvoda,1.4,2.7,Como,61.9,Serie A,0.022617124394184167,0.04361873990306947
1202114,9888,Omri Gandelman,1.4,0.7,Lecce,31.6,Serie A,0.044303797468354424,0.022151898734177212
651435,8543,Toma Basic,1.4,2.0,Lazio,43.3,Serie A,0.03233256351039261,0.046189376443418015
920861,10167,Adrian Benedyczak,1.4,0.6,Parma,32.0,Serie A,0.04375,0.01875
805451,8636,Alessandro Bastoni,1.4,3.0,Inter,72.2,Serie A,0.019390581717451522,0.04155124653739612
767013,9876,Antoine Bernede,1.4,1.5,Hellas Verona,35.6,Serie A,0.03932584269662921,0.042134831460674156
270774,7801,Franco Vázquez,1.4,1.6,Cremonese,35.7,Serie A,0.039215686274509796,0.04481792717086835
1289961,8529,Adam Obert,1.4,2.3,Cagliari,38.3,Serie A,0.03655352480417755,0.06005221932114883
823018,9875,Alessandro Buongiorno,1.4,0.8,Napoli,51.4,Serie A,0.027237354085603113,0.015564202334630352
1208969,9804,Kristjan Asllani,1.4,1.3,Torino,45.8,Serie A,0.03056768558951965,0.028384279475982536
1106074,8543,Mario Gila,1.4,0.6,Lazio,43.3,Serie A,0.03233256351039261,0.013856812933025405
729093,9875,Mathías Olivera,1.4,0.7,Napoli,51.4,Serie A,0.027237354085603113,0.013618677042801557
844996,8564,Matteo Gabbia,1.4,0.2,Milan,60.3,Serie A,0.02321724709784411,0.0033167495854063023
644738,8600,Vakoun Issouf Bayo,1.4,0.1,Udinese,42.2,Serie A,0.03317535545023696,0.002369668246445498
149219,8600,Christian Kabasele,1.3,0.1,Udinese,42.2,Serie A,0.030805687203791468,0.002369668246445498
800609,8543,Mattéo Guendouzi,1.3,1.2,Lazio,43.3,Serie A,0.030023094688221712,0.02771362586605081
684981,10233,Aarón Martín,1.3,5.6,Genoa,45.4,Serie A,0.028634361233480177,0.12334801762114538
478447,8543,Adam Marusic,1.3,1.4,Lazio,43.3,Serie A,0.030023094688221712,0.03233256351039261
1014630,9885,Emil Holm,1.3,1.7,Juventus,68.9,Serie A,0.018867924528301886,0.024673439767779387
1093285,8535,Fabiano Parisi,1.3,1.7,Fiorentina,53.1,Serie A,0.02448210922787194,0.032015065913371
914103,10233,Johan Vásquez,1.3,0.7,Genoa,45.4,Serie A,0.028634361233480177,0.015418502202643172
1212630,9875,Lorenzo Lucca,1.3,0.6,Napoli,51.4,Serie A,0.02529182879377432,0.011673151750972763
201704,9857,Remo Freuler,1.3,1.2,Bologna,44.4,Serie A,0.029279279279279282,0.02702702702702703
897315,6479,Simone Canestrelli,1.3,0.4,Pisa,39.8,Serie A,0.032663316582914576,0.010050251256281409
1156568,9876,Amin Sarr,1.3,1.0,Hellas Verona,35.6,Serie A,0.03651685393258427,0.028089887640449437
215242,9875,Leonardo Spinazzola,1.2,3.4,Napoli,51.4,Serie A,0.023346303501945526,0.06614785992217899
1395728,9888,Medon Berisha,1.2,2.0,Lecce,31.6,Serie A,0.03797468354430379,0.06329113924050632
909030,9876,Abdou Harroui,1.2,0.6,Hellas Verona,35.6,Serie A,0.033707865168539325,0.016853932584269662
231176,8529,Leonardo Pavoletti,1.2,0.0,Cagliari,38.3,Serie A,0.03133159268929504,0.0
485634,9876,Roberto Gagliardini,1.2,0.8,Hellas Verona,35.6,Serie A,0.033707865168539325,0.02247191011235955
1109476,10167,Jacob Ondrejka,1.2,0.5,Parma,32.0,Serie A,0.0375,0.015625
308516,10233,Nicolae Stanciu,1.2,0.2,Genoa,45.4,Serie A,0.02643171806167401,0.004405286343612335
1385856,8564,Davide Bartesaghi,1.1,4.1,Milan,60.3,Serie A,0.018242122719734664,0.06799336650082918
799230,7801,Federico Baschirotto,1.1,0.2,Cremonese,35.7,Serie A,0.03081232492997199,0.0056022408963585435
586474,8600,Kingsley Ehizibue,1.1,1.0,Udinese,42.2,Serie A,0.026066350710900476,0.023696682464454975
819215,9885,Lloyd Kelly,1.1,1.4,Juventus,68.9,Serie A,0.015965166908563134,0.02031930333817126
793048,7801,Manuel De Luca,1.1,0.0,Cremonese,35.7,Serie A,0.03081232492997199,0.0
1274060,8686,Neil El Aynaoui,1.1,0.9,Roma,55.0,Serie A,0.02,0.016363636363636365
762028,9888,Ylber Ramadani,1.1,1.7,Lecce,31.6,Serie A,0.03481012658227848,0.053797468354430375
575364,7801,Alberto Grassi,1.1,0.8,Cremonese,35.7,Serie A,0.03081232492997199,0.022408963585434174
1329487,8535,Jacopo Fazzini,1.1,0.8,Fiorentina,53.1,Serie A,0.02071563088512241,0.015065913370998118
935550,9857,Torbjørn Heggem,1.1,0.1,Bologna,44.4,Serie A,0.02477477477477478,0.0022522522522522522
1089744,8529,Zito Luvumbo,1.1,0.2,Cagliari,38.3,Serie A,0.02872062663185379,0.0052219321148825075
1190029,8600,Thomas Kristensen,1.0,0.2,Udinese,42.2,Serie A,0.023696682464454975,0.004739336492890996
836436,10167,Gabriel Strefezza,1.0,1.0,Parma,32.0,Serie A,0.03125,0.03125
1027594,9888,Konan N’Dri,1.0,0.4,Lecce,31.6,Serie A,0.03164556962025316,0.012658227848101266
1318686,10167,Alessandro Circati,1.0,0.5,Parma,32.0,Serie A,0.03125,0.015625
1384881,10171,Álex Valle,1.0,1.2,Como,61.9,Serie A,0.01615508885298869,0.01938610662358643
1607014,9804,Alieu Njie,1.0,0.1,Torino,45.8,Serie A,0.02183406113537118,0.0021834061135371182
570434,10171,Diego Carlos,1.0,0.2,Como,61.9,Serie A,0.01615508885298869,0.0032310177705977385
279879,9876,Jean-Daniel Akpa Akpro,1.0,0.2,Hellas Verona,35.6,Serie A,0.028089887640449437,0.0056179775280898875
860913,9857,Jhon Lucumí,1.0,0.4,Bologna,44.4,Serie A,0.022522522522522525,0.009009009009009009
155066,6479,Juan Cuadrado,1.0,1.1,Pisa,39.8,Serie A,0.02512562814070352,0.027638190954773875
1435445,6479,Lorran,1.0,0.1,Pisa,39.8,Serie A,0.02512562814070352,0.0025125628140703522
888745,10171,Nicolas-Gerrit Kühn,1.0,1.2,Como,61.9,Serie A,0.01615508885298869,0.01938610662358643
1529222,8535,Pietro Comuzzo,1.0,0.2,Fiorentina,53.1,Serie A,0.018832391713747645,0.0037664783427495295
789243,7801,Youssef Maleh,1.0,0.6,Cremonese,35.7,Serie A,0.028011204481792715,0.01680672268907563
1421505,9804,Gvidas Gineitis,1.0,2.4,Torino,45.8,Serie A,0.02183406113537118,0.052401746724890834
212472,10171,Sergi Roberto,1.0,0.5,Como,61.9,Serie A,0.01615508885298869,0.008077544426494346
822237,8535,Manor Solomon,0.9,1.7,Fiorentina,53.1,Serie A,0.01694915254237288,0.032015065913371
641595,9857,Nikola Moro,0.9,2.2,Bologna,44.4,Serie A,0.02027027027027027,0.04954954954954956
1091907,8543,Fisayo Dele-Bashiru,0.9,0.6,Lazio,43.3,Serie A,0.020785219399538108,0.013856812933025405
751649,8535,Jack Harrison,0.9,1.8,Fiorentina,53.1,Serie A,0.01694915254237288,0.03389830508474576
1114635,8636,Luis Henrique,0.9,1.8,Inter,72.2,Serie A,0.012465373961218837,0.024930747922437674
941953,9804,Saúl Coco,0.9,0.9,Torino,45.8,Serie A,0.019650655021834062,0.019650655021834062
1481909,6479,Ebenezer Akinsanmiro,0.9,1.3,Pisa,39.8,Serie A,0.022613065326633167,0.032663316582914576
949731,8529,Gabriele Zappa,0.9,1.5,Cagliari,38.3,Serie A,0.023498694516971282,0.0391644908616188
845994,10167,Hans Nicolussi Caviglia,0.9,1.8,Parma,32.0,Serie A,0.028125,0.05625
1353289,10171,Ivan Smolcic,0.9,0.7,Como,61.9,Serie A,0.014539579967689823,0.011308562197092083
1206806,9888,Kialonda Gaspar,0.9,0.2,Lecce,31.6,Serie A,0.028481012658227847,0.006329113924050633
1369279,7943,Luca Lipani,0.9,0.5,Sassuolo,42.9,Serie A,0.02097902097902098,0.011655011655011656
108381,7801,Milan Djuric,0.9,0.6,Cremonese,35.7,Serie A,0.025210084033613443,0.01680672268907563
1249665,9876,Nicolás Valentini,0.9,0.9,Hellas Verona,35.6,Serie A,0.025280898876404494,0.025280898876404494
1083562,9885,Juan Cabal,0.8,0.2,Juventus,68.9,Serie A,0.011611030478955007,0.002902757619738752
1320863,9875,Antonio Vergara,0.8,0.8,Napoli,51.4,Serie A,0.015564202334630352,0.015564202334630352
1343374,6479,Felipe Loyola,0.8,0.1,Pisa,39.8,Serie A,0.020100502512562818,0.0025125628140703522
939780,8524,Isak Hien,0.8,0.3,Atalanta,57.9,Serie A,0.01381692573402418,0.0051813471502590676
322003,8600,Jesper Karlström,0.8,1.1,Udinese,42.2,Serie A,0.018957345971563982,0.026066350710900476
1621219,8529,Juan Rodríguez,0.8,0.6,Cagliari,38.3,Serie A,0.02088772845953003,0.01566579634464752
198559,8524,Marten de Roon,0.8,2.0,Atalanta,57.9,Serie A,0.01381692573402418,0.03454231433506045
942379,9875,Miguel Gutiérrez,0.8,1.3,Napoli,51.4,Serie A,0.015564202334630352,0.02529182879377432
837341,9875,Noa Lang,0.8,2.1,Napoli,51.4,Serie A,0.015564202334630352,0.04085603112840467
1305763,6479,Rafiu Durosinmi,0.8,0.2,Pisa,39.8,Serie A,0.020100502512562818,0.0050251256281407045
557325,10171,Stefan Posch,0.8,0.3,Como,61.9,Serie A,0.012924071082390954,0.004846526655896607
822789,8529,Alberto Dossena,0.8,0.5,Cagliari,38.3,Serie A,0.02088772845953003,0.013054830287206267
862616,9885,Edon Zhegrova,0.8,1.4,Juventus,68.9,Serie A,0.011611030478955007,0.02031930333817126
1400859,6479,Isak Vural,0.8,0.2,Pisa,39.8,Serie A,0.020100502512562818,0.0050251256281407045
975242,9857,Simon Sohm,0.8,1.5,Bologna,44.4,Serie A,0.018018018018018018,0.033783783783783786
1072056,7801,Tommaso Barbieri,0.8,0.9,Cremonese,35.7,Serie A,0.022408963585434174,0.025210084033613443
957107,8529,Zé Pedro,0.8,0.4,Cagliari,38.3,Serie A,0.02088772845953003,0.010443864229765015
740161,7801,David Okereke,0.7,0.2,Cremonese,35.7,Serie A,0.019607843137254898,0.0056022408963585435
513982,8529,Luca Mazzitelli,0.7,0.3,Cagliari,38.3,Serie A,0.018276762402088774,0.00783289817232376
942549,9875,Billy Gilmour,0.7,1.0,Napoli,51.4,Serie A,0.013618677042801557,0.019455252918287938
1200630,8564,Koni De Winter,0.7,0.4,Milan,60.3,Serie A,0.011608623548922056,0.006633499170812605
888921,9857,Lewis Ferguson,0.7,1.2,Bologna,44.4,Serie A,0.015765765765765764,0.02702702702702703
807148,8543,Luca Pellegrini,0.7,1.4,Lazio,43.3,Serie A,0.016166281755196306,0.03233256351039261
1239749,10167,Mandela Keita,0.7,0.4,Parma,32.0,Serie A,0.021875,0.0125
1520184,10167,Mariano Troilo,0.7,0.7,Parma,32.0,Serie A,0.021875,0.021875
933817,9888,Riccardo Sottil,0.7,2.7,Lecce,31.6,Serie A,0.022151898734177212,0.08544303797468354
604330,7801,Sebastiano Luperto,0.7,0.7,Cremonese,35.7,Serie A,0.019607843137254898,0.019607843137254898
1316088,9857,Benja Domínguez,0.7,0.4,Bologna,44.4,Serie A,0.015765765765765764,0.009009009009009009
1130732,9876,Daniel Mosquera,0.7,0.3,Hellas Verona,35.6,Serie A,0.019662921348314606,0.008426966292134831
867789,10167,Emanuele Valeri,0.7,4.2,Parma,32.0,Serie A,0.021875,0.13125
1130330,7943,Josh Doig,0.7,1.0,Sassuolo,42.9,Serie A,0.016317016317016316,0.023310023310023312
1014136,6479,Malthe Højholt,0.7,0.2,Pisa,39.8,Serie A,0.017587939698492462,0.0050251256281407045
831474,8535,Marin Pongracic,0.7,0.5,Fiorentina,53.1,Serie A,0.013182674199623351,0.009416195856873822
814398,9857,Nicolò Casale,0.7,0.2,Bologna,44.4,Serie A,0.015765765765765764,0.0045045045045045045
823113,9804,Sandro Kulenovic,0.7,0.1,Torino,45.8,Serie A,0.015283842794759825,0.0021834061135371182
801213,9888,Tete Morente,0.7,0.3,Lecce,31.6,Serie A,0.022151898734177212,0.009493670886075948
281012,9885,Filip Kostic,0.6,1.2,Juventus,68.9,Serie A,0.008708272859216255,0.01741654571843251
1021302,8529,Mattia Felici,0.6,0.3,Cagliari,38.3,Serie A,0.01566579634464752,0.00783289817232376
1254297,8636,Andy Diouf,0.6,1.5,Inter,72.2,Serie A,0.008310249307479223,0.02077562326869806
873956,9857,Juan Miranda,0.6,4.1,Bologna,44.4,Serie A,0.013513513513513514,0.09234234234234234
792756,6479,Michel Aebischer,0.6,2.5,Pisa,39.8,Serie A,0.015075376884422112,0.0628140703517588
1861022,8529,Yael Trepy,0.6,0.2,Cagliari,38.3,Serie A,0.01566579634464752,0.0052219321148825075
1137272,8524,Yunus Musah,0.6,0.8,Atalanta,57.9,Serie A,0.010362694300518135,0.01381692573402418
1053676,10167,Abdoulaye Ndiaye,0.6,0.1,Parma,32.0,Serie A,0.01875,0.003125
921594,9876,Domagoj Bradaric,0.6,2.6,Hellas Verona,35.6,Serie A,0.016853932584269662,0.07303370786516854
749662,8564,Fikayo Tomori,0.6,1.0,Milan,60.3,Serie A,0.009950248756218905,0.01658374792703151
488415,8600,Hassane Kamara,0.6,2.0,Udinese,42.2,Serie A,0.014218009478672985,0.04739336492890995
968029,10167,Lautaro Valenti,0.6,0.6,Parma,32.0,Serie A,0.01875,0.01875
1022843,7943,Luca Moro,0.6,0.0,Sassuolo,42.9,Serie A,0.013986013986013986,0.0
815366,10167,Nahuel Estévez,0.6,0.7,Parma,32.0,Serie A,0.01875,0.021875
1258292,8600,Nicolò Bertola,0.6,0.7,Udinese,42.2,Serie A,0.014218009478672985,0.01658767772511848
957118,8543,Nuno Tavares,0.6,2.0,Lazio,43.3,Serie A,0.013856812933025405,0.046189376443418015
1302821,8543,Petar Ratkov,0.6,0.0,Lazio,43.3,Serie A,0.013856812933025405,0.0
1127054,9876,Tomás Suslov,0.6,0.2,Hellas Verona,35.6,Serie A,0.016853932584269662,0.0056179775280898875
1668219,8529,Riyad Idrissi,0.5,0.2,Cagliari,38.3,Serie A,0.013054830287206267,0.0052219321148825075
1393542,10167,Christian Ordóñez,0.5,0.4,Parma,32.0,Serie A,0.015625,0.0125
1705134,8686,Robinio Vaz,0.5,0.1,Roma,55.0,Serie A,0.00909090909090909,0.0018181818181818182
308517,9875,Stanislav Lobotka,0.5,1.8,Napoli,51.4,Serie A,0.009727626459143969,0.03501945525291829
879065,9888,Antonino Gallo,0.5,2.9,Lecce,31.6,Serie A,0.01582278481012658,0.09177215189873417
982633,8600,Jordan Zemura,0.5,1.0,Udinese,42.2,Serie A,0.011848341232227487,0.023696682464454975
279820,7801,Matteo Bianchetti,0.5,0.4,Cremonese,35.7,Serie A,0.014005602240896357,0.011204481792717087
1299869,9888,Mohamed Kaba,0.5,0.3,Lecce,31.6,Serie A,0.01582278481012658,0.009493670886075948
902651,8524,Raoul Bellanova,0.5,2.3,Atalanta,57.9,Serie A,0.008635578583765112,0.039723661485319514
557346,9876,Sandi Lovric,0.5,1.7,Hellas Verona,35.6,Serie A,0.014044943820224719,0.047752808988764044
364104,10233,Stefano Sabelli,0.5,0.6,Genoa,45.4,Serie A,0.011013215859030838,0.013215859030837005
983199,9804,Tino Anjorin,0.5,0.1,Torino,45.8,Serie A,0.01091703056768559,0.0021834061135371182
321140,9804,Valentino Lazaro,0.5,3.9,Torino,45.8,Serie A,0.01091703056768559,0.0851528384279476
1595629,8564,Zachary Athekame,0.4,1.1,Milan,60.3,Serie A,0.006633499170812605,0.018242122719734664
822236,7801,Dennis Tørset Johnsen,0.4,0.3,Cremonese,35.7,Serie A,0.011204481792717087,0.008403361344537815
1189692,7943,Edoardo Iannoni,0.4,0.1,Sassuolo,42.9,Serie A,0.009324009324009324,0.002331002331002331
1185260,9888,Jamil Siebert,0.4,0.2,Lecce,31.6,Serie A,0.012658227848101266,0.006329113924050633
921543,10233,Morten Frendrup,0.4,1.0,Genoa,45.4,Serie A,0.00881057268722467,0.022026431718061675
115067,7943,Nemanja Matic,0.4,1.5,Sassuolo,42.9,Serie A,0.009324009324009324,0.03496503496503497
1014496,8524,Odilon Kossounou,0.4,0.2,Atalanta,57.9,Serie A,0.00690846286701209,0.003454231433506045
688278,8564,Pervis Estupinán,0.4,1.5,Milan,60.3,Serie A,0.006633499170812605,0.024875621890547265
1805105,9876,Fallou Cham,0.4,0.1,Hellas Verona,35.6,Serie A,0.011235955056179775,0.0028089887640449437
952325,7801,Faris Moumbagna,0.4,0.0,Cremonese,35.7,Serie A,0.011204481792717087,0.0
73024,8636,Francesco Acerbi,0.4,0.5,Inter,72.2,Serie A,0.00554016620498615,0.006925207756232687
1337009,6479,Giovanni Bonfanti,0.4,0.1,Pisa,39.8,Serie A,0.010050251256281409,0.0025125628140703522
671529,8686,Konstantinos Tsimikas,0.4,0.4,Roma,55.0,Serie A,0.007272727272727273,0.007272727272727273
1399969,8600,Lennon Miller,0.4,0.8,Udinese,42.2,Serie A,0.009478672985781991,0.018957345971563982
1191093,8524,Lorenzo Bernasconi,0.4,3.5,Atalanta,57.9,Serie A,0.00690846286701209,0.06044905008635579
1198712,9857,Martin Vitík,0.4,0.1,Bologna,44.4,Serie A,0.009009009009009009,0.0022522522522522522
1080669,9857,Nadir Zortea,0.4,2.5,Bologna,44.4,Serie A,0.009009009009009009,0.05630630630630631
822589,10167,Pontus Almqvist,0.4,0.9,Parma,32.0,Serie A,0.0125,0.028125
1307957,7801,Romano Floriani Mussolini,0.4,0.7,Cremonese,35.7,Serie A,0.011204481792717087,0.019607843137254898
1693531,10167,Sascha Britschgi,0.4,1.3,Parma,32.0,Serie A,0.0125,0.040625
1858596,7943,Tommaso Macchioni,0.4,0.0,Sassuolo,42.9,Serie A,0.009324009324009324,0.0
805352,9876,Unai Núñez,0.4,0.4,Hellas Verona,35.6,Serie A,0.011235955056179775,0.011235955056179775
1347567,10233,Valentín Carboni,0.4,0.3,Genoa,45.4,Serie A,0.00881057268722467,0.006607929515418502
776594,9876,Victor Nelsson,0.4,0.4,Hellas Verona,35.6,Serie A,0.011235955056179775,0.011235955056179775
1180321,8686,Devyne Rensch,0.3,2.3,Roma,55.0,Serie A,0.005454545454545454,0.04181818181818182
958421,9857,João Mário,0.3,0.9,Bologna,44.4,Serie A,0.006756756756756757,0.02027027027027027
181276,9875,Romelu Lukaku,0.3,0.3,Napoli,51.4,Serie A,0.005836575875486381,0.005836575875486381
426393,9804,Adrien Tamèze,0.3,0.3,Torino,45.8,Serie A,0.006550218340611354,0.006550218340611354
1436436,10233,Alessandro Marcandalli,0.3,0.8,Genoa,45.4,Serie A,0.006607929515418502,0.01762114537444934
1280198,9888,Álex Sala,0.3,0.3,Lecce,31.6,Serie A,0.009493670886075948,0.009493670886075948
750880,9804,Ardian Ismajli,0.3,0.3,Torino,45.8,Serie A,0.006550218340611354,0.006550218340611354
1386006,8686,Daniele Ghilardi,0.3,0.3,Roma,55.0,Serie A,0.005454545454545454,0.005454545454545454
15403,8535,Edin Dzeko,0.3,0.1,Fiorentina,53.1,Serie A,0.005649717514124294,0.0018832391713747647
1775258,9876,Ioan Vermesan,0.3,0.0,Hellas Verona,35.6,Serie A,0.008426966292134831,0.0
197352,9875,Juan Jesus,0.3,0.3,Napoli,51.4,Serie A,0.005836575875486381,0.005836575875486381
206322,8543,Matías Vecino,0.3,0.7,Lazio,43.3,Serie A,0.006928406466512702,0.016166281755196306
649945,9876,Moatasem Al Musrati,0.3,0.5,Hellas Verona,35.6,Serie A,0.008426966292134831,0.014044943820224719
720649,7943,Nicholas Pierini,0.3,0.2,Sassuolo,42.9,Serie A,0.006993006993006993,0.004662004662004662
1106916,8600,Oier Zarraga,0.3,0.2,Udinese,42.2,Serie A,0.0071090047393364926,0.004739336492890996
1333331,8543,Oliver Provstgaard,0.3,0.3,Lazio,43.3,Serie A,0.006928406466512702,0.006928406466512702
358149,8543,Patric,0.3,0.2,Lazio,43.3,Serie A,0.006928406466512702,0.004618937644341802
188555,8636,Stefan de Vrij,0.3,0.1,Inter,72.2,Serie A,0.0041551246537396115,0.0013850415512465374
1209987,7801,Warren Bondo,0.3,0.4,Cremonese,35.7,Serie A,0.008403361344537815,0.011204481792717087
846761,9804,Zakaria Aboukhlal,0.3,0.4,Torino,45.8,Serie A,0.006550218340611354,0.008733624454148473
1596106,7801,Francesco Folino,0.2,0.0,Cremonese,35.7,Serie A,0.0056022408963585435,0.0
1308892,8600,Iker Bravo,0.2,0.2,Udinese,42.2,Serie A,0.004739336492890996,0.004739336492890996
1167529,9804,Rafael Obrador,0.2,0.8,Torino,45.8,Serie A,0.0043668122270742364,0.017467248908296946
1382375,9885,Vasilije Adzic,0.2,0.2,Juventus,68.9,Serie A,0.002902757619738752,0.002902757619738752
1469120,10233,Amorim,0.2,0.5,Genoa,45.4,Serie A,0.004405286343612335,0.011013215859030838
846006,9876,Andrias Edmundsson,0.2,0.1,Hellas Verona,35.6,Serie A,0.0056179775280898875,0.0028089887640449437
603537,8686,Angeliño,0.2,0.7,Roma,55.0,Serie A,0.0036363636363636364,0.012727272727272726
1726757,8686,Antonio Arena,0.2,0.0,Roma,55.0,Serie A,0.0036363636363636364,0.0
1163219,8564,Ardon Jashari,0.2,0.6,Milan,60.3,Serie A,0.0033167495854063023,0.009950248756218905
583659,6479,Arturo Calabresi,0.2,0.2,Pisa,39.8,Serie A,0.0050251256281407045,0.0050251256281407045
395914,9857,Charalambos Lykogiannis,0.2,1.4,Bologna,44.4,Serie A,0.0045045045045045045,0.03153153153153153
1011022,9876,Cheikh Niasse,0.2,0.8,Hellas Verona,35.6,Serie A,0.0056179775280898875,0.02247191011235955
850055,7943,Daniel Boloca,0.2,0.0,Sassuolo,42.9,Serie A,0.004662004662004662,0.0
1485180,10167,Daniel Mikolajewski,0.2,0.1,Parma,32.0,Serie A,0.00625,0.003125
1306664,9888,Danilo Veiga,0.2,1.5,Lecce,31.6,Serie A,0.006329113924050633,0.04746835443037974
1041522,7943,Fali Candé,0.2,0.0,Sassuolo,42.9,Serie A,0.004662004662004662,0.0
244816,7801,Federico Ceccherini,0.2,0.3,Cremonese,35.7,Serie A,0.0056022408963585435,0.008403361344537815
1082597,10171,Ignace Van Der Brempt,0.2,1.1,Como,61.9,Serie A,0.0032310177705977385,0.017770597738287562
937412,7943,Jay Idzes,0.2,0.6,Sassuolo,42.9,Serie A,0.004662004662004662,0.013986013986013986
671331,8686,Leon Bailey,0.2,0.1,Roma,55.0,Serie A,0.0036363636363636364,0.0018181818181818182
1707510,8686,Lorenzo Venturino,0.2,1.0,Roma,55.0,Serie A,0.0036363636363636364,0.01818181818181818
662205,8543,Manuel Lazzari,0.2,0.3,Lazio,43.3,Serie A,0.004618937644341802,0.006928406466512702
1642351,8535,Niccolò Fortini,0.2,0.8,Fiorentina,53.1,Serie A,0.0037664783427495295,0.015065913370998118
1104441,9804,Niels Nkounkou,0.2,0.9,Torino,45.8,Serie A,0.0043668122270742364,0.019650655021834062
1332538,9888,Oumar Ngom,0.2,0.1,Lecce,31.6,Serie A,0.006329113924050633,0.0031645569620253164
1388071,8543,Reda Belahyane,0.2,0.9,Lazio,43.3,Serie A,0.004618937644341802,0.020785219399538108
1354820,6479,Rosen Bozhinov,0.2,0.2,Pisa,39.8,Serie A,0.0050251256281407045,0.0050251256281407045
1507697,8600,Saba Goglichidze,0.2,0.2,Udinese,42.2,Serie A,0.004739336492890996,0.004739336492890996
1285732,9888,Sadik Fofana,0.2,0.1,Lecce,31.6,Serie A,0.006329113924050633,0.0031645569620253164
304345,8524,Sead Kolasinac,0.2,0.3,Atalanta,57.9,Serie A,0.003454231433506045,0.0051813471502590676
860592,7943,Sebastian Walukiewicz,0.2,2.1,Sassuolo,42.9,Serie A,0.004662004662004662,0.04895104895104895
939593,9888,Thórir Helgason,0.2,0.1,Lecce,31.6,Serie A,0.006329113924050633,0.0031645569620253164
916710,8600,Alessandro Zanoli,0.1,1.1,Udinese,42.2,Serie A,0.002369668246445498,0.026066350710900476
520979,7943,Ulisses Garcia,0.1,1.8,Sassuolo,42.9,Serie A,0.002331002331002331,0.04195804195804196
951711,8529,Alessandro Di Pardo,0.1,0.0,Cagliari,38.3,Serie A,0.0026109660574412537,0.0
1429871,9804,Ali Dembélé,0.1,0.0,Torino,45.8,Serie A,0.0021834061135371182,0.0
277460,9885,Arkadiusz Milik,0.1,0.0,Juventus,68.9,Serie A,0.001451378809869376,0.0
951765,9876,Armel Bella-Kotchap,0.1,0.4,Hellas Verona,35.6,Serie A,0.0028089887640449437,0.011235955056179775
1067754,7943,Aster Vranckx,0.1,0.2,Sassuolo,42.9,Serie A,0.002331002331002331,0.004662004662004662
1202525,8686,Bryan Zaragoza,0.1,0.7,Roma,55.0,Serie A,0.0018181818181818182,0.012727272727272726
800624,6479,Calvin Stengs,0.1,0.0,Pisa,39.8,Serie A,0.0025125628140703522,0.0
1794177,8564,Cheveyo Mul-Balentien,0.1,,Milan,60.3,Serie A,0.0016583747927031512,
1041508,9888,Corrie Ndaba,0.1,0.1,Lecce,31.6,Serie A,0.0031645569620253164,0.0031645569620253164
239350,9804,Cristiano Biraghi,0.1,0.9,Torino,45.8,Serie A,0.0021834061135371182,0.019650655021834062
1098817,9876,Daniel Oyegoke,0.1,0.2,Hellas Verona,35.6,Serie A,0.0028089887640449437,0.0056179775280898875
358155,8535,Daniele Rugani,0.1,0.0,Fiorentina,53.1,Serie A,0.0018832391713747647,0.0
1641041,7943,Darryl Bakola,0.1,0.1,Sassuolo,42.9,Serie A,0.002331002331002331,0.002331002331002331
1503574,9857,Eivind Helland,0.1,0.0,Bologna,44.4,Serie A,0.0022522522522522522,0.0
1481098,6479,Francesco Coppola,0.1,0.2,Pisa,39.8,Serie A,0.0025125628140703522,0.0050251256281407045
670928,7801,Giuseppe Pezzella,0.1,2.0,Cremonese,35.7,Serie A,0.0028011204481792717,0.05602240896358543
1948558,10233,Jacopo Grossi,0.1,0.0,Genoa,45.4,Serie A,0.0022026431718061676,0.0
1511063,8686,Jan Ziólkowski,0.1,0.1,Roma,55.0,Serie A,0.0018181818181818182,0.0018181818181818182
1298925,7801,Jeremy Sarmiento,0.1,0.2,Cremonese,35.7,Serie A,0.0028011204481792717,0.0056022408963585435
812549,6479,Marius Marin,0.1,0.6,Pisa,39.8,Serie A,0.0025125628140703522,0.015075376884422112
1531814,6479,Mateus Lusuardi,0.1,0.0,Pisa,39.8,Serie A,0.0025125628140703522,0.0
1130733,10167,Mathias Fjørtoft Løvik,0.1,0.2,Parma,32.0,Serie A,0.003125,0.00625
1646520,8636,Mattia Mosconi,0.1,0.0,Inter,72.2,Serie A,0.0013850415512465374,0.0
774716,7801,Michele Collocolo,0.1,0.0,Cremonese,35.7,Serie A,0.0028011204481792717,0.0
841672,9885,Nicolás González,0.1,0.0,Juventus,68.9,Serie A,0.001451378809869376,0.0
34029,6479,Raúl Albiol,0.1,0.3,Pisa,39.8,Serie A,0.0025125628140703522,0.007537688442211056
1794209,8535,Riccardo Braschi,0.1,0.0,Fiorentina,53.1,Serie A,0.0018832391713747647,0.0
1404077,10233,Sebastian Otoa,0.1,0.0,Genoa,45.4,Serie A,0.0022026431718061676,0.0
1367915,9876,Tobias Slotsager,0.1,0.1,Hellas Verona,35.6,Serie A,0.0028089887640449437,0.0028089887640449437
1074476,7943,Woyo Coulibaly,0.1,0.3,Sassuolo,42.9,Serie A,0.002331002331002331,0.006993006993006993
769644,8535,Abdelhamid Sabiri,0.0,0.2,Fiorentina,53.1,Serie A,0.0,0.0037664783427495295
1435833,8543,Adrian Przyborek,0.0,0.0,Lazio,43.3,Serie A,0.0,0.0
1133381,10233,Albert Grønbæk,0.0,0.1,Genoa,45.4,Serie A,0.0,0.0022026431718061676
1255860,8535,Amir Richardson,0.0,0.0,Fiorentina,53.1,Serie A,0.0,0.0
1354177,10167,Benjamín Cremaschi,0.0,0.0,Parma,32.0,Serie A,0.0,0.0
611223,8636,Benjamin Pavard,0.0,0.0,Inter,72.2,Serie A,0.0,0.0
1712223,8600,Branimir Mlacic,0.0,0.0,Udinese,42.2,Serie A,0.0,0.0
161660,9857,Ciro Immobile,0.0,0.0,Bologna,44.4,Serie A,0.0,0.0
769167,9804,Enzo Ebosse,0.0,0.4,Torino,45.8,Serie A,0.0,0.008733624454148473
528440,7943,Filippo Romagna,0.0,0.0,Sassuolo,42.9,Serie A,0.0,0.0
625797,9876,Grigoris Kastanos,0.0,0.4,Hellas Verona,35.6,Serie A,0.0,0.011235955056179775
267374,10167,Hernani,0.0,0.0,Parma,32.0,Serie A,0.0,0.0
1027740,10233,Jean Onana,0.0,0.0,Genoa,45.4,Serie A,0.0,0.0
1450999,8600,Juan Arizala,0.0,0.2,Udinese,42.2,Serie A,0.0,0.004739336492890996
1163273,7943,Laurs Skjellerup,0.0,,Sassuolo,42.9,Serie A,0.0,
1529148,9804,Luca Marianucci,0.0,0.2,Torino,45.8,Serie A,0.0,0.0043668122270742364
1518451,7801,Mikayil Faye,0.0,0.3,Cremonese,35.7,Serie A,0.0,0.008403361344537815
1020963,8543,Nicolò Rovella,0.0,1.0,Lazio,43.3,Serie A,0.0,0.023094688221709007
299981,8535,Pablo Marí,0.0,0.1,Fiorentina,53.1,Serie A,0.0,0.0018832391713747647
675327,9875,Pasquale Mazzocchi,0.0,0.8,Napoli,51.4,Serie A,0.0,0.015564202334630352
1188665,8600,Rui Modesto,0.0,0.3,Udinese,42.2,Serie A,0.0,0.0071090047393364926
1958786,7801,Simone Lottici Tessadri,0.0,0.0,Cremonese,35.7,Serie A,0.0,0.0
1358337,9876,Yellu Santiago,0.0,0.0,Hellas Verona,35.6,Serie A,0.0,0.0
1280225,9851,Estéban Lepaul,15.7,1.2,Rennes,54.0,Ligue 1,0.29074074074074074,0.022222222222222223
1103837,9746,Issa Soumaré,14.7,3.2,Le Havre,38.4,Ligue 1,0.3828125,0.08333333333333334
950473,8592,Mason Greenwood,14.4,5.8,Marseille,61.9,Ligue 1,0.23263327948303716,0.09369951534733441
1408580,9848,Joaquín Panichelli,14.2,1.5,Strasbourg,54.2,Ligue 1,0.2619926199261992,0.027675276752767528
982677,9829,Folarin Balogun,13.4,1.9,Monaco,57.9,Ligue 1,0.231433506044905,0.03281519861830742
150565,8592,Pierre-Emerick Aubameyang,13.2,3.8,Marseille,61.9,Ligue 1,0.21324717285945072,0.061389337641357025
923196,8583,Lassine Sinayoko,11.9,3.3,Auxerre,36.0,Ligue 1,0.33055555555555555,0.09166666666666666
637746,8588,Odsonne Édouard,11.5,1.7,Lens,67.7,Ligue 1,0.16986706056129985,0.025110782865583454
473852,9748,Corentin Tolisso,11.0,3.6,Lyon,53.5,Ligue 1,0.205607476635514,0.06728971962616823
254308,8588,Florian Thauvin,10.9,9.0,Lens,67.7,Ligue 1,0.16100443131462333,0.1329394387001477
1297165,9847,Bradley Barcola,10.8,4.5,Paris Saint-Germain,72.1,Ligue 1,0.14979195561719835,0.062413314840499313
445856,8588,Wesley Saïd,9.9,3.9,Lens,67.7,Ligue 1,0.14623338257016247,0.05760709010339734
1086012,9829,Ansu Fati,9.6,1.4,Monaco,57.9,Ligue 1,0.16580310880829016,0.024179620034542312
471153,8521,Ludovic Ajorque,9.3,2.1,Brest,45.1,Ligue 1,0.20620842572062084,0.04656319290465632
1037539,9748,Pavel Sulc,9.1,1.9,Lyon,53.5,Ligue 1,0.17009345794392522,0.03551401869158878
527103,9851,Breel Embolo,9.0,1.2,Rennes,54.0,Ligue 1,0.16666666666666666,0.022222222222222223
940087,9847,Gonçalo Ramos,9.0,1.4,Paris Saint-Germain,72.1,Ligue 1,0.12482662968099863,0.01941747572815534
1230848,8689,Bamba Dieng,8.8,0.2,Lorient,45.5,Ligue 1,0.1934065934065934,0.004395604395604396
1444231,8639,Matias Fernandez-Pardo,8.8,4.7,Lille,55.3,Ligue 1,0.1591320072332731,0.08499095840867993
46469,8639,Olivier Giroud,8.7,1.6,Lille,55.3,Ligue 1,0.15732368896925858,0.028933092224231467
696263,8521,Romain Del Castillo,8.2,6.2,Brest,45.1,Ligue 1,0.1818181818181818,0.13747228381374724
763974,8550,Gauthier Hein,8.1,4.4,Metz,34.9,Ligue 1,0.23209169054441262,0.12607449856733527
1250492,9830,Matthis Abline,8.0,4.2,Nantes,36.5,Ligue 1,0.2191780821917808,0.11506849315068493
1302715,9848,Martial Godo,7.9,2.5,Strasbourg,54.2,Ligue 1,0.14575645756457564,0.046125461254612546
1044470,8639,Hákon Arnar Haraldsson,7.9,5.0,Lille,55.3,Ligue 1,0.14285714285714288,0.09041591320072333
900433,9847,Khvicha Kvaratskhelia,7.9,4.7,Paris Saint-Germain,72.1,Ligue 1,0.10957004160887657,0.06518723994452151
1339208,9847,Désiré Doué,7.9,3.0,Paris Saint-Germain,72.1,Ligue 1,0.10957004160887657,0.04160887656033287
1331097,8689,Pablo Pagis,7.7,3.4,Lorient,45.5,Ligue 1,0.16923076923076924,0.07472527472527472
1073742,9848,Julio Enciso,7.6,5.3,Strasbourg,54.2,Ligue 1,0.14022140221402213,0.09778597785977859
1320949,9941,Emersonn,7.4,0.8,Toulouse,43.7,Ligue 1,0.16933638443935928,0.018306636155606407
953812,9831,Sofiane Diop,7.2,4.4,Nice,43.6,Ligue 1,0.1651376146788991,0.10091743119266056
1305618,9829,Maghnes Akliouche,7.2,5.4,Monaco,57.9,Ligue 1,0.12435233160621763,0.09326424870466322
317062,8588,Adrien Thomasson,7.0,7.5,Lens,67.7,Ligue 1,0.103397341211226,0.11078286558345642
601145,8550,Habibou Mouhamadou Diallo,6.7,0.5,Metz,34.9,Ligue 1,0.19197707736389685,0.014326647564469915
692984,9847,Ousmane Dembélé,6.6,4.5,Paris Saint-Germain,72.1,Ligue 1,0.09153952843273232,0.062413314840499313
999690,6379,Ilan Kebbal,6.6,6.0,Paris FC,45.0,Ligue 1,0.14666666666666667,0.13333333333333333
1406729,9748,Endrick,6.6,3.2,Lyon,53.5,Ligue 1,0.1233644859813084,0.059813084112149535
1265963,8592,Igor Paixão,6.5,2.6,Marseille,61.9,Ligue 1,0.1050080775444265,0.0420032310177706
844437,8592,Amine Gouiri,6.2,3.0,Marseille,61.9,Ligue 1,0.10016155088852989,0.048465266558966075
841395,8689,Aiyegun Tosin,6.2,0.6,Lorient,45.5,Ligue 1,0.13626373626373628,0.013186813186813187
955411,9941,Yann Gboho,5.9,4.6,Toulouse,43.7,Ligue 1,0.13501144164759726,0.10526315789473682
883824,6379,Willem Geubbels,5.7,0.7,Paris FC,45.0,Ligue 1,0.12666666666666668,0.015555555555555555
1586559,8588,Rayan Fofana,5.6,0.2,Lens,67.7,Ligue 1,0.08271787296898078,0.0029542097488921715
1401248,8521,Rémy Lascary,5.6,1.9,Brest,45.1,Ligue 1,0.12416851441241684,0.042128603104212854
1748405,8121,Prosper Peter,5.5,0.5,Angers,32.3,Ligue 1,0.17027863777089786,0.015479876160990714
817724,8583,Danny Namaso,5.5,2.0,Auxerre,36.0,Ligue 1,0.1527777777777778,0.05555555555555555
1123587,8689,Sambou Soumano,5.4,0.8,Lorient,45.5,Ligue 1,0.11868131868131869,0.017582417582417582
942358,8639,Félix Correia,5.3,5.2,Lille,55.3,Ligue 1,0.09584086799276673,0.09403254972875227
813055,9851,Mousa Tamari,5.2,4.3,Rennes,54.0,Ligue 1,0.0962962962962963,0.07962962962962962
693171,9851,Ludovic Blas,5.1,5.6,Rennes,54.0,Ligue 1,0.09444444444444444,0.1037037037037037
1310270,8521,Kamory Doumbia,4.8,2.8,Brest,45.1,Ligue 1,0.106430155210643,0.06208425720620842
823293,9941,Aron Dønnum,4.8,6.7,Toulouse,43.7,Ligue 1,0.10983981693363844,0.15331807780320367
1324358,9941,Frank Magri,4.5,0.9,Toulouse,43.7,Ligue 1,0.10297482837528603,0.020594965675057208
660326,8588,Matthieu Udol,4.5,9.2,Lens,67.7,Ligue 1,0.06646971935007386,0.13589364844903987
1158945,9847,Nuno Mendes,4.3,3.6,Paris Saint-Germain,72.1,Ligue 1,0.059639389736477116,0.04993065187239945
1156569,9848,Sebastian Nanasi,4.1,1.6,Strasbourg,54.2,Ligue 1,0.07564575645756456,0.02952029520295203
1574189,9847,Senny Mayulu,4.1,3.1,Paris Saint-Germain,72.1,Ligue 1,0.056865464632454926,0.04299583911234397
1183148,9848,Emanuel Emegha,3.9,0.1,Strasbourg,54.2,Ligue 1,0.07195571955719557,0.0018450184501845018
1242587,8121,Amine Sbaï,3.9,2.8,Angers,32.3,Ligue 1,0.12074303405572756,0.08668730650154799
437329,9746,Mbwana Samatta,3.9,1.1,Le Havre,38.4,Ligue 1,0.1015625,0.028645833333333336
586388,9829,Aleksandr Golovin,3.7,1.9,Monaco,57.9,Ligue 1,0.06390328151986184,0.03281519861830742
786580,6379,Marshall Munetsi,3.7,0.7,Paris FC,45.0,Ligue 1,0.08222222222222222,0.015555555555555555
765158,6379,Alimami Gory,3.6,0.7,Paris FC,45.0,Ligue 1,0.08,0.015555555555555555
1213430,9831,Elye Wahi,3.6,0.7,Nice,43.6,Ligue 1,0.08256880733944955,0.01605504587155963
1421275,8639,Hamza Igamane,3.6,0.8,Lille,55.3,Ligue 1,0.0650994575045208,0.014466546112115734
1040889,8521,Junior Dina Ebimbe,3.6,0.7,Brest,45.1,Ligue 1,0.07982261640798226,0.015521064301552106
1180718,9831,Mohamed-Ali Cho,3.5,3.0,Nice,43.6,Ligue 1,0.08027522935779816,0.06880733944954129
1693546,9851,Mohamed Meïté,3.5,0.6,Rennes,54.0,Ligue 1,0.06481481481481481,0.011111111111111112
1186444,9941,Charlie Cresswell,3.4,0.9,Toulouse,43.7,Ligue 1,0.07780320366132723,0.020594965675057208
863708,9830,Ignatius Ganago,3.4,0.7,Nantes,36.5,Ligue 1,0.09315068493150684,0.01917808219178082
853108,6379,Jean-Philippe Krasso,3.4,2.4,Paris FC,45.0,Ligue 1,0.07555555555555556,0.05333333333333333
266523,8592,Pierre-Emile Højbjerg,3.3,3.2,Marseille,61.9,Ligue 1,0.05331179321486268,0.051696284329563816
1593857,9847,Ibrahim Mbaye,3.3,2.1,Paris Saint-Germain,72.1,Ligue 1,0.04576976421636616,0.029126213592233014
1185211,8588,Mamadou Sangaré,3.3,2.0,Lens,67.7,Ligue 1,0.04874446085672082,0.029542097488921712
1113809,9829,Mika Biereth,3.3,1.5,Monaco,57.9,Ligue 1,0.05699481865284974,0.02590673575129534
885005,9831,Terem Moffi,3.3,0.5,Nice,43.6,Ligue 1,0.0756880733944954,0.01146788990825688
1272440,9848,Valentín Barco,3.3,6.4,Strasbourg,54.2,Ligue 1,0.060885608856088555,0.11808118081180811
770321,9851,Mahdi Camara,3.2,2.3,Rennes,54.0,Ligue 1,0.05925925925925926,0.04259259259259259
408943,9829,Takumi Minamino,3.2,2.0,Monaco,57.9,Ligue 1,0.05526770293609672,0.03454231433506045
148830,8639,Benjamin André,3.2,2.4,Lille,55.3,Ligue 1,0.057866184448462935,0.0433996383363472
199834,9830,Rémy Cabella,3.2,1.2,Nantes,36.5,Ligue 1,0.08767123287671233,0.03287671232876712
699461,8689,Jean-Victor Makengo,3.1,1.8,Lorient,45.5,Ligue 1,0.06813186813186814,0.03956043956043956
1073905,9746,Rassoul Ndiaye,3.1,2.7,Le Havre,38.4,Ligue 1,0.08072916666666667,0.07031250000000001
637745,6379,Jonathan Ikoné,3.1,1.2,Paris FC,45.0,Ligue 1,0.06888888888888889,0.026666666666666665
1177312,8583,Sékou Mara,3.1,1.1,Auxerre,36.0,Ligue 1,0.08611111111111111,0.030555555555555558
1514456,8521,Pathé Mboup,3.1,1.1,Brest,45.1,Ligue 1,0.06873614190687362,0.024390243902439025
1524069,8121,Sidiki Cherif,3.0,0.4,Angers,32.3,Ligue 1,0.09287925696594428,0.012383900928792572
1463448,9831,Tom Louchet,3.0,2.8,Nice,43.6,Ligue 1,0.06880733944954129,0.06422018348623852
1189856,8588,Abdallah Sima,3.0,1.1,Lens,67.7,Ligue 1,0.04431314623338257,0.016248153618906944
1329255,8121,Louis Mouton,3.0,2.5,Angers,32.3,Ligue 1,0.09287925696594428,0.07739938080495357
817500,9830,Mostafa Mohamed,2.9,0.8,Nantes,36.5,Ligue 1,0.07945205479452054,0.021917808219178082
541933,8521,Mama Baldé,2.9,0.6,Brest,45.1,Ligue 1,0.06430155210643015,0.013303769401330375
1199382,8583,Josué Casimir,2.9,1.4,Auxerre,36.0,Ligue 1,0.08055555555555555,0.03888888888888889
1342757,9847,João Neves,2.8,2.1,Paris Saint-Germain,72.1,Ligue 1,0.03883495145631068,0.029126213592233014
1362516,9941,Santiago Hidalgo,2.8,1.4,Toulouse,43.7,Ligue 1,0.06407322654462241,0.03203661327231121
242156,9941,Djibril Sidibé,2.8,1.8,Toulouse,43.7,Ligue 1,0.06407322654462241,0.041189931350114416
1367047,9748,Afonso Moreira,2.7,6.2,Lyon,53.5,Ligue 1,0.05046728971962617,0.11588785046728972
940976,9847,Kang-In Lee,2.7,5.5,Paris Saint-Germain,72.1,Ligue 1,0.03744798890429959,0.07628294036061027
467486,6379,Moses Simon,2.7,3.8,Paris FC,45.0,Ligue 1,0.060000000000000005,0.08444444444444445
864154,8121,Goduine Koyalipou,2.7,0.2,Angers,32.3,Ligue 1,0.08359133126934985,0.006191950464396286
1364069,9748,Malick Fofana,2.7,2.2,Lyon,53.5,Ligue 1,0.05046728971962617,0.041121495327102804
1896949,9831,Kail Boudache,2.6,0.5,Nice,43.6,Ligue 1,0.05963302752293578,0.01146788990825688
1227012,9829,Simon Adingra,2.5,2.0,Monaco,57.9,Ligue 1,0.04317789291882556,0.03454231433506045
161291,9830,Youssef El Arabi,2.5,1.0,Nantes,36.5,Ligue 1,0.0684931506849315,0.0273972602739726
1343053,9848,Abdoul Ouattara,2.5,1.0,Strasbourg,54.2,Ligue 1,0.046125461254612546,0.01845018450184502
355901,9831,Morgan Sanson,2.5,1.6,Nice,43.6,Ligue 1,0.0573394495412844,0.03669724770642202
566187,9831,Ali Abdi,2.4,0.8,Nice,43.6,Ligue 1,0.055045871559633024,0.01834862385321101
770881,9847,Achraf Hakimi,2.4,2.3,Paris Saint-Germain,72.1,Ligue 1,0.033287101248266296,0.0319001386962552
604089,9748,Ainsley Maitland-Niles,2.4,3.4,Lyon,53.5,Ligue 1,0.044859813084112146,0.06355140186915888
1202239,8689,Mohamed Bamba,2.4,1.0,Lorient,45.5,Ligue 1,0.05274725274725275,0.02197802197802198
1705134,8592,Robinio Vaz,2.3,0.4,Marseille,61.9,Ligue 1,0.03715670436187399,0.006462035541195477
1347791,8121,Yassin Belkhdim,2.3,1.3,Angers,32.3,Ligue 1,0.07120743034055728,0.04024767801857586
1057433,9748,Tanner Tessmann,2.3,1.3,Lyon,53.5,Ligue 1,0.04299065420560747,0.024299065420560748
958464,8592,Leonardo Balerdi,2.3,0.3,Marseille,61.9,Ligue 1,0.03715670436187399,0.004846526655896607
643690,9748,Roman Yaremchuk,2.2,0.6,Lyon,53.5,Ligue 1,0.041121495327102804,0.011214953271028037
815465,8639,Romain Perraud,2.2,3.8,Lille,55.3,Ligue 1,0.03978300180831827,0.06871609403254973
875672,8592,Hamed Traorè,2.2,1.1,Marseille,61.9,Ligue 1,0.035541195476575124,0.017770597738287562
640292,6379,Vincent Marchetti,2.2,0.4,Paris FC,45.0,Ligue 1,0.04888888888888889,0.008888888888888889
1254147,9831,Antoine Mendy,2.2,0.5,Nice,43.6,Ligue 1,0.05045871559633028,0.01146788990825688
1180696,9746,Fodé Doucouré,2.1,2.2,Le Havre,38.4,Ligue 1,0.05468750000000001,0.05729166666666667
1406645,8588,Ismaëlo Ganiou,2.1,0.9,Lens,67.7,Ligue 1,0.0310192023633678,0.013293943870014771
1436305,9829,Lamine Camara,2.1,4.3,Monaco,57.9,Ligue 1,0.036269430051813475,0.07426597582037997
1395704,9848,Guéla Doué,2.1,2.5,Strasbourg,54.2,Ligue 1,0.03874538745387454,0.046125461254612546
956659,8592,Himad Abdelli,2.1,0.8,Marseille,61.9,Ligue 1,0.033925686591276254,0.012924071082390954
1428153,8639,Ngal Ayel Mukau,2.1,1.0,Lille,55.3,Ligue 1,0.0379746835443038,0.018083182640144666
1342754,9848,Diego Moreira,2.0,3.9,Strasbourg,54.2,Ligue 1,0.03690036900369004,0.07195571955719557
1305543,8583,Kévin Danois,2.0,4.6,Auxerre,36.0,Ligue 1,0.05555555555555555,0.12777777777777777
1368318,6379,Luca Koleosho,2.0,1.1,Paris FC,45.0,Ligue 1,0.044444444444444446,0.024444444444444446
1513317,6379,Adama Camara,2.0,1.5,Paris FC,45.0,Ligue 1,0.044444444444444446,0.03333333333333333
445226,8550,Jean-Philippe Gbamin,2.0,1.0,Metz,34.9,Ligue 1,0.05730659025787966,0.02865329512893983
161660,6379,Ciro Immobile,1.9,1.4,Paris FC,45.0,Ligue 1,0.042222222222222223,0.03111111111111111
1607493,9830,Dehmaine Tabibou,1.9,1.9,Nantes,36.5,Ligue 1,0.05205479452054794,0.05205479452054794
1215410,8583,Ibrahim Osman,1.9,0.7,Auxerre,36.0,Ligue 1,0.05277777777777778,0.019444444444444445
865010,9830,Nicolas Cozza,1.9,0.7,Nantes,36.5,Ligue 1,0.05205479452054794,0.01917808219178082
1097446,8689,Noah Cadiou,1.8,1.6,Lorient,45.5,Ligue 1,0.03956043956043956,0.035164835164835165
1670132,9830,Bahereba Guirassy,1.8,0.4,Nantes,36.5,Ligue 1,0.049315068493150684,0.010958904109589041
1197039,9748,Martín Satriano,1.8,0.7,Lyon,53.5,Ligue 1,0.03364485981308411,0.01308411214953271
1133081,8583,Sinaly Diomandé,1.8,0.3,Auxerre,36.0,Ligue 1,0.05,0.008333333333333333
1256224,9941,Mário Sauer,1.8,0.6,Toulouse,43.7,Ligue 1,0.041189931350114416,0.013729977116704805
1469758,9746,Simon Ebonog,1.8,0.7,Le Havre,38.4,Ligue 1,0.046875,0.018229166666666668
1166344,9831,Kevin Carlos,1.8,0.2,Nice,43.6,Ligue 1,0.04128440366972477,0.0045871559633027525
1581722,9851,Abdelhamid Aït Boudlal,1.7,0.4,Rennes,54.0,Ligue 1,0.03148148148148148,0.007407407407407408
845943,9941,Cristian Cásseres,1.7,4.0,Toulouse,43.7,Ligue 1,0.038901601830663615,0.09153318077803203
598355,9829,Denis Zakaria,1.7,0.9,Monaco,57.9,Ligue 1,0.02936096718480138,0.015544041450777204
820712,8550,Koffi Kouao,1.7,1.6,Metz,34.9,Ligue 1,0.04871060171919771,0.04584527220630373
1255209,9847,Lucas Beraldo,1.7,1.2,Paris Saint-Germain,72.1,Ligue 1,0.023578363384188627,0.016643550624133148
1292354,8689,Théo Le Bris,1.7,1.7,Lorient,45.5,Ligue 1,0.03736263736263736,0.03736263736263736
889536,8592,Timothy Weah,1.7,2.9,Marseille,61.9,Ligue 1,0.027463651050080775,0.046849757673667204
1113724,9748,Tyler Morton,1.7,3.8,Lyon,53.5,Ligue 1,0.03177570093457944,0.07102803738317756
1255855,9746,Yassine Kechta,1.7,2.0,Le Havre,38.4,Ligue 1,0.044270833333333336,0.052083333333333336
1135655,9748,Adam Karabec,1.7,2.0,Lyon,53.5,Ligue 1,0.03177570093457944,0.037383177570093455
944385,9831,Isak Jansson,1.7,1.1,Nice,43.6,Ligue 1,0.03899082568807339,0.02522935779816514
1752228,8121,Lanroy Machine,1.7,0.2,Angers,32.3,Ligue 1,0.052631578947368425,0.006191950464396286
1622889,9830,Louis Leroux,1.7,1.3,Nantes,36.5,Ligue 1,0.04657534246575342,0.03561643835616438
1039219,6379,Samir Chergui,1.7,0.4,Paris FC,45.0,Ligue 1,0.03777777777777778,0.008888888888888889
1561552,8639,Ayyoub Bouaddi,1.7,1.7,Lille,55.3,Ligue 1,0.030741410488245934,0.030741410488245934
1060604,9748,Abner,1.6,3.3,Lyon,53.5,Ligue 1,0.029906542056074768,0.0616822429906542
466482,8588,Allan Saint-Maximin,1.6,1.8,Lens,67.7,Ligue 1,0.023633677991137372,0.026587887740029542
1524548,9829,Mamadou Coulibaly,1.6,1.9,Monaco,57.9,Ligue 1,0.02763385146804836,0.03281519861830742
643229,9831,Jérémie Boga,1.6,0.6,Nice,43.6,Ligue 1,0.03669724770642202,0.013761467889908256
1276626,8588,Samson Baidoo,1.6,0.4,Lens,67.7,Ligue 1,0.023633677991137372,0.005908419497784343
1033099,9831,Hicham Boudaoui,1.6,2.0,Nice,43.6,Ligue 1,0.03669724770642202,0.04587155963302752
1429607,9831,Kojo Peprah Oppong,1.6,0.4,Nice,43.6,Ligue 1,0.03669724770642202,0.009174311926605505
278341,8550,Bouna Sarr,1.6,0.9,Metz,34.9,Ligue 1,0.04584527220630373,0.025787965616045846
950967,8550,Cheikh Sabaly,1.6,1.4,Metz,34.9,Ligue 1,0.04584527220630373,0.040114613180515755
604088,9829,Thilo Kehrer,1.6,0.5,Monaco,57.9,Ligue 1,0.02763385146804836,0.008635578583765112
1426809,8639,Ethan Mbappé,1.5,1.6,Lille,55.3,Ligue 1,0.027124773960217,0.028933092224231467
939061,8550,Giorgi Tsitaishvili,1.5,4.8,Metz,34.9,Ligue 1,0.042979942693409746,0.13753581661891118
439366,9746,Abdoulaye Touré,1.5,0.9,Le Havre,38.4,Ligue 1,0.0390625,0.0234375
1079554,9851,Anthony Rouault,1.5,0.4,Rennes,54.0,Ligue 1,0.027777777777777776,0.007407407407407408
1699549,9847,Quentin Ndjantou,1.5,0.3,Paris Saint-Germain,72.1,Ligue 1,0.020804438280166437,0.004160887656033287
365672,9746,Sofiane Boufal,1.5,2.0,Le Havre,38.4,Ligue 1,0.0390625,0.052083333333333336
195750,9748,Nicolás Tagliafico,1.5,1.1,Lyon,53.5,Ligue 1,0.028037383177570093,0.020560747663551402
848667,8592,Angel Gomes,1.4,0.9,Marseille,61.9,Ligue 1,0.022617124394184167,0.014539579967689823
1431516,9829,George Ilenikhena,1.4,0.2,Monaco,57.9,Ligue 1,0.024179620034542312,0.003454231433506045
1611220,9941,Julián Vignolo,1.4,0.4,Toulouse,43.7,Ligue 1,0.03203661327231121,0.009153318077803204
605654,9847,Fabián Ruiz,1.4,2.1,Paris Saint-Germain,72.1,Ligue 1,0.01941747572815534,0.029126213592233014
1106866,9941,Jacen Russell-Rowe,1.4,0.2,Toulouse,43.7,Ligue 1,0.03203661327231121,0.004576659038901602
1201760,8583,Marvin Senaya,1.4,0.6,Auxerre,36.0,Ligue 1,0.03888888888888889,0.016666666666666666
1417802,9941,Pape Demba Diop,1.4,1.5,Toulouse,43.7,Ligue 1,0.03203661327231121,0.034324942791762014
1098243,9746,Yanis Zouaoui,1.4,3.3,Le Havre,38.4,Ligue 1,0.036458333333333336,0.0859375
782502,8588,Malang Sarr,1.4,0.7,Lens,67.7,Ligue 1,0.020679468242245196,0.010339734121122598
614207,6379,Maxime Lopez,1.4,4.5,Paris FC,45.0,Ligue 1,0.03111111111111111,0.1
660887,9830,Fabien Centonze,1.3,0.9,Nantes,36.5,Ligue 1,0.03561643835616438,0.024657534246575342
1079548,8521,Joris Chotard,1.3,1.4,Brest,45.1,Ligue 1,0.028824833702882482,0.03104212860310421
500520,8639,Nabil Bentaleb,1.3,2.3,Lille,55.3,Ligue 1,0.02350813743218807,0.04159132007233273
715301,9831,Jonathan Clauss,1.3,7.0,Nice,43.6,Ligue 1,0.02981651376146789,0.1605504587155963
1252070,8639,Nathan Ngoy,1.3,1.0,Lille,55.3,Ligue 1,0.02350813743218807,0.018083182640144666
660462,6379,Pierre Lees-Melou,1.3,2.0,Paris FC,45.0,Ligue 1,0.02888888888888889,0.044444444444444446
1233931,9851,Quentin Merlin,1.3,4.6,Rennes,54.0,Ligue 1,0.024074074074074074,0.08518518518518518
1684579,8639,Soriba Diaoune,1.3,0.4,Lille,55.3,Ligue 1,0.02350813743218807,0.007233273056057867
277771,8639,Thomas Meunier,1.3,3.4,Lille,55.3,Ligue 1,0.02350813743218807,0.06148282097649187
1367615,9847,Warren Zaïre-Emery,1.2,3.5,Paris Saint-Germain,72.1,Ligue 1,0.016643550624133148,0.048543689320388356
210683,8639,Aïssa Mandi,1.2,1.2,Lille,55.3,Ligue 1,0.0216998191681736,0.0216998191681736
1230286,8521,Daouda Guindo,1.2,0.7,Brest,45.1,Ligue 1,0.02660753880266075,0.015521064301552106
1276315,8689,Dermane Karim,1.2,1.0,Lorient,45.5,Ligue 1,0.026373626373626374,0.02197802197802198
1362622,9848,Junior Mwanga,1.2,1.2,Strasbourg,54.2,Ligue 1,0.02214022140221402,0.02214022140221402
1092680,8588,Morgan Guilavogui,1.2,1.1,Lens,67.7,Ligue 1,0.017725258493353026,0.016248153618906944
837061,9829,Krépin Diatta,1.2,2.3,Monaco,57.9,Ligue 1,0.02072538860103627,0.039723661485319514
1565010,8689,Arthur Avom,1.1,3.3,Lorient,45.5,Ligue 1,0.024175824175824177,0.07252747252747252
1832893,8121,Harouna Djibirin,1.1,0.6,Angers,32.3,Ligue 1,0.03405572755417957,0.018575851393188854
1092403,9831,Melvin Bard,1.1,1.4,Nice,43.6,Ligue 1,0.02522935779816514,0.03211009174311926
1368710,9748,Noah Nartey,1.1,0.3,Lyon,53.5,Ligue 1,0.020560747663551402,0.005607476635514018
1117069,9748,Georges Mikautadze,1.1,0.1,Lyon,53.5,Ligue 1,0.020560747663551402,0.001869158878504673
1019583,9746,Godson Kyeremeh,1.1,0.3,Le Havre,38.4,Ligue 1,0.028645833333333336,0.0078125
1793704,9748,Rémi Himbert,1.1,0.0,Lyon,53.5,Ligue 1,0.020560747663551402,0.0
1061249,9847,Vitinha,1.1,3.7,Paris Saint-Germain,72.1,Ligue 1,0.015256588072122055,0.051317614424410546
1536998,8550,Alpha Touré,1.1,0.4,Metz,34.9,Ligue 1,0.03151862464183382,0.011461318051575933
505059,8121,Branco van den Boomen,1.1,2.2,Angers,32.3,Ligue 1,0.03405572755417957,0.06811145510835914
1327156,8121,Jacques Ekomié,1.1,1.1,Angers,32.3,Ligue 1,0.03405572755417957,0.03405572755417957
1334805,8583,Lamine Sy,1.1,0.8,Auxerre,36.0,Ligue 1,0.030555555555555558,0.022222222222222223
1375810,8550,Terry Yegbe,1.1,0.3,Metz,34.9,Ligue 1,0.03151862464183382,0.008595988538681949
643635,8592,Amir Murillo,1.0,1.6,Marseille,61.9,Ligue 1,0.01615508885298869,0.025848142164781908
1067265,8550,Giorgi Abuashvili,1.0,0.8,Metz,34.9,Ligue 1,0.02865329512893983,0.022922636103151865
449277,8550,Giorgi Kvilitaia,1.0,0.4,Metz,34.9,Ligue 1,0.02865329512893983,0.011461318051575933
882400,8550,Jessy Deminguet,1.0,0.9,Metz,34.9,Ligue 1,0.02865329512893983,0.025787965616045846
1738340,6379,Rudy Matondo,1.0,0.3,Paris FC,45.0,Ligue 1,0.022222222222222223,0.006666666666666666
562719,9851,Valentin Rongier,1.0,4.0,Rennes,54.0,Ligue 1,0.018518518518518517,0.07407407407407407
770340,9851,Arnaud Nordin,1.0,1.1,Rennes,54.0,Ligue 1,0.018518518518518517,0.020370370370370372
1054122,8550,Boubacar Traoré,1.0,0.4,Metz,34.9,Ligue 1,0.02865329512893983,0.011461318051575933
1682313,9847,Dro Fernández,1.0,0.8,Paris Saint-Germain,72.1,Ligue 1,0.013869625520110958,0.011095700416088768
632305,8583,Francisco Sierralta,1.0,0.2,Auxerre,36.0,Ligue 1,0.027777777777777776,0.005555555555555556
1011026,8121,Jim Allevinah,1.0,0.0,Angers,32.3,Ligue 1,0.030959752321981428,0.0
1276934,8639,Marius Broholm,1.0,0.4,Lille,55.3,Ligue 1,0.018083182640144666,0.007233273056057867
602211,9851,Seko Fofana,1.0,0.8,Rennes,54.0,Ligue 1,0.018518518518518517,0.014814814814814815
857120,9746,Ayumu Seko,1.0,1.2,Le Havre,38.4,Ligue 1,0.026041666666666668,0.03125
1207581,9848,David Datro Fofana,1.0,0.0,Strasbourg,54.2,Ligue 1,0.01845018450184502,0.0
1473534,9851,Jérémy Jacquet,1.0,0.5,Rennes,54.0,Ligue 1,0.018518518518518517,0.009259259259259259
1793640,9748,Khalis Merah,1.0,1.3,Lyon,53.5,Ligue 1,0.018691588785046728,0.024299065420560748
1299869,9830,Mohamed Kaba,1.0,0.7,Nantes,36.5,Ligue 1,0.0273972602739726,0.01917808219178082
970563,8592,Quinten Timber,1.0,1.1,Marseille,61.9,Ligue 1,0.01615508885298869,0.017770597738287562
1137670,9847,Willian Pacho,1.0,0.5,Paris Saint-Germain,72.1,Ligue 1,0.013869625520110958,0.006934812760055479
1664716,9941,Dayann Methalie,0.9,2.2,Toulouse,43.7,Ligue 1,0.020594965675057208,0.05034324942791762
1431818,8121,Lilian Rao-Lisoa,0.9,2.7,Angers,32.3,Ligue 1,0.027863777089783284,0.08359133126934985
561046,8588,Ruben Aguilar,0.9,2.8,Lens,67.7,Ligue 1,0.013293943870014771,0.04135893648449039
1418073,9848,Samuel Amo-Ameyaw,0.9,1.2,Strasbourg,54.2,Ligue 1,0.016605166051660517,0.02214022140221402
420731,9746,Gautier Lloris,0.9,0.4,Le Havre,38.4,Ligue 1,0.0234375,0.010416666666666668
988160,8639,Osame Sahraoui,0.9,1.3,Lille,55.3,Ligue 1,0.0162748643761302,0.02350813743218807
1427808,8689,Panos Katseris,0.9,2.7,Lorient,45.5,Ligue 1,0.01978021978021978,0.059340659340659345
1145717,9941,Warren Kamanzi,0.9,0.8,Toulouse,43.7,Ligue 1,0.020594965675057208,0.018306636155606407
1284071,9848,Félix Lemaréchal,0.9,0.6,Strasbourg,54.2,Ligue 1,0.016605166051660517,0.01107011070110701
1180481,9830,Johann Lepenant,0.9,2.1,Nantes,36.5,Ligue 1,0.024657534246575342,0.057534246575342465
1539619,9831,Juma Bah,0.9,1.0,Nice,43.6,Ligue 1,0.020642201834862386,0.02293577981651376
1387194,9829,Kassoum Ouattara,0.9,2.2,Monaco,57.9,Ligue 1,0.015544041450777204,0.037996545768566495
1401205,8521,Michel Diaz,0.9,0.3,Brest,45.1,Ligue 1,0.019955654101995565,0.006651884700665188
1797446,8550,Nathan Mbala,0.8,0.7,Metz,34.9,Ligue 1,0.022922636103151865,0.020057306590257878
1002617,8588,Saud Abdulhamid,0.8,3.3,Lens,67.7,Ligue 1,0.011816838995568686,0.04874446085672082
611223,8592,Benjamin Pavard,0.8,1.1,Marseille,61.9,Ligue 1,0.012924071082390954,0.017770597738287562
912342,8521,Julien Le Cardinal,0.8,0.1,Brest,45.1,Ligue 1,0.017738359201773836,0.0022172949002217295
1443464,9848,Kendry Páez,0.8,1.0,Strasbourg,54.2,Ligue 1,0.014760147601476014,0.01845018450184502
413525,8689,Laurent Abergel,0.8,1.0,Lorient,45.5,Ligue 1,0.017582417582417582,0.02197802197802198
866686,8592,Matthew O'Riley,0.8,2.1,Marseille,61.9,Ligue 1,0.012924071082390954,0.033925686591276254
938247,9829,Mohammed Salisu,0.8,0.2,Monaco,57.9,Ligue 1,0.01381692573402418,0.003454231433506045
656491,9941,Rasmus Nicolaisen,0.8,0.5,Toulouse,43.7,Ligue 1,0.018306636155606407,0.011441647597254004
1287489,8689,Bamo Meité,0.8,0.5,Lorient,45.5,Ligue 1,0.017582417582417582,0.01098901098901099
578756,9830,Déiver Machado,0.8,1.0,Nantes,36.5,Ligue 1,0.021917808219178082,0.0273972602739726
1553515,9851,Djaoui Cissé,0.8,1.1,Rennes,54.0,Ligue 1,0.014814814814814815,0.020370370370370372
1603755,9848,Gessime Yassine,0.8,1.3,Strasbourg,54.2,Ligue 1,0.014760147601476014,0.023985239852398525
1073941,9851,Lilian Brassier,0.8,1.1,Rennes,54.0,Ligue 1,0.014814814814814815,0.020370370370370372
179873,9746,Loïc Négo,0.8,1.5,Le Havre,38.4,Ligue 1,0.020833333333333336,0.0390625
1607371,8550,Lucas Michal,0.8,0.1,Metz,34.9,Ligue 1,0.022922636103151865,0.002865329512893983
1603990,8639,Noah Edjouma,0.8,0.7,Lille,55.3,Ligue 1,0.014466546112115734,0.012658227848101266
1072317,9831,Tiago Gouveia,0.8,0.1,Nice,43.6,Ligue 1,0.01834862385321101,0.0022935779816513763
1073979,8583,Bryan Okoh,0.7,0.1,Auxerre,36.0,Ligue 1,0.019444444444444445,0.002777777777777778
1254234,8592,Ethan Nwaneri,0.7,0.9,Marseille,61.9,Ligue 1,0.011308562197092083,0.014539579967689823
448865,8521,Brendan Chardonnet,0.7,1.6,Brest,45.1,Ligue 1,0.015521064301552106,0.03547671840354767
942354,9746,Felix Mambimbi,0.7,0.5,Le Havre,38.4,Ligue 1,0.018229166666666668,0.013020833333333334
612699,8588,Florian Sotoca,0.7,0.8,Lens,67.7,Ligue 1,0.010339734121122598,0.011816838995568686
812415,8521,Hugo Magnetti,0.7,1.9,Brest,45.1,Ligue 1,0.015521064301552106,0.042128603104212854
890263,9829,Jordan Teze,0.7,5.2,Monaco,57.9,Ligue 1,0.012089810017271156,0.08981001727115717
1869761,9746,Kenny Quetant,0.7,0.1,Le Havre,38.4,Ligue 1,0.018229166666666668,0.002604166666666667
765466,9851,Sebastian Szymanski,0.7,2.0,Rennes,54.0,Ligue 1,0.012962962962962963,0.037037037037037035
1634789,8588,Andrija Bulatovic,0.7,1.5,Lens,67.7,Ligue 1,0.010339734121122598,0.022156573116691284
485047,9748,Hans Hateboer,0.7,0.2,Lyon,53.5,Ligue 1,0.01308411214953271,0.003738317757009346
748381,8550,Joel Asoro,0.7,0.2,Metz,34.9,Ligue 1,0.020057306590257878,0.005730659025787966
846392,8689,Montassar Talbi,0.7,0.5,Lorient,45.5,Ligue 1,0.015384615384615384,0.01098901098901099
310836,8121,Pierrick Capelle,0.7,0.4,Angers,32.3,Ligue 1,0.021671826625386997,0.012383900928792572
1640985,9851,Yassir Zabiri,0.7,0.0,Rennes,54.0,Ligue 1,0.012962962962962963,0.0
1640832,8689,Arsène Kouassi,0.6,3.4,Lorient,45.5,Ligue 1,0.013186813186813187,0.07472527472527472
1791727,9941,Alexis Vossah,0.6,0.5,Toulouse,43.7,Ligue 1,0.013729977116704805,0.011441647597254004
666954,9830,Chidozie Awaziem,0.6,1.3,Nantes,36.5,Ligue 1,0.01643835616438356,0.03561643835616438
612277,8521,Lucas Tousart,0.6,0.4,Brest,45.1,Ligue 1,0.013303769401330375,0.008869179600886918
617310,8592,Nayef Aguerd,0.6,0.3,Marseille,61.9,Ligue 1,0.009693053311793215,0.004846526655896607
1190113,6379,Otávio,0.6,0.2,Paris FC,45.0,Ligue 1,0.013333333333333332,0.0044444444444444444
1178325,8121,Ousmane Camara,0.6,0.3,Angers,32.3,Ligue 1,0.018575851393188854,0.009287925696594427
1366936,9829,Stanis Idumbo,0.6,0.2,Monaco,57.9,Ligue 1,0.010362694300518135,0.003454231433506045
1555492,8689,Abdoulaye Faye,0.6,0.2,Lorient,45.5,Ligue 1,0.013186813186813187,0.004395604395604396
267371,8592,Emerson,0.6,5.4,Marseille,61.9,Ligue 1,0.009693053311793215,0.08723747980613894
1553514,9851,Mahamadou Nagida,0.6,0.5,Rennes,54.0,Ligue 1,0.011111111111111112,0.009259259259259259
1053678,6379,Mamadou Mbow,0.6,0.5,Paris FC,45.0,Ligue 1,0.013333333333333332,0.011111111111111112
904021,8583,Romain Faivre,0.6,1.0,Auxerre,36.0,Ligue 1,0.016666666666666666,0.027777777777777776
1353104,8592,Tochukwu Nnadi,0.6,0.3,Marseille,61.9,Ligue 1,0.009693053311793215,0.004846526655896607
1050822,9848,Andrew Omobamidele,0.5,0.1,Strasbourg,54.2,Ligue 1,0.00922509225092251,0.0018450184501845018
361315,9829,Eric Dier,0.5,0.3,Monaco,57.9,Ligue 1,0.008635578583765112,0.0051813471502590676
708435,8639,Gaëtan Perrin,0.5,1.6,Lille,55.3,Ligue 1,0.009041591320072333,0.028933092224231467
723564,8689,Igor Silva,0.5,0.8,Lorient,45.5,Ligue 1,0.01098901098901099,0.017582417582417582
1140003,9847,Ilya Zabarnyi,0.5,0.5,Paris Saint-Germain,72.1,Ligue 1,0.006934812760055479,0.006934812760055479
1283469,8583,Oussama El Azzouzi,0.5,0.5,Auxerre,36.0,Ligue 1,0.013888888888888888,0.013888888888888888
402419,9851,Przemyslaw Frankowski,0.5,2.5,Rennes,54.0,Ligue 1,0.009259259259259259,0.046296296296296294
1125076,9748,Ruben Kluivert,0.5,0.5,Lyon,53.5,Ligue 1,0.009345794392523364,0.009345794392523364
1283407,8592,Bilal Nadir,0.5,1.6,Marseille,61.9,Ligue 1,0.008077544426494346,0.025848142164781908
277761,8639,Chancel Mbemba,0.5,0.1,Lille,55.3,Ligue 1,0.009041591320072333,0.0018083182640144667
1097497,8689,Darlin Yongwa,0.5,1.5,Lorient,45.5,Ligue 1,0.01098901098901099,0.03296703296703297
1203189,8583,Fredrik Oppegård,0.5,1.0,Auxerre,36.0,Ligue 1,0.013888888888888888,0.027777777777777776
925345,9830,Hyun-Seok Hong,0.5,0.1,Nantes,36.5,Ligue 1,0.0136986301369863,0.0027397260273972603
1049665,8689,Joel Mvuka,0.5,0.7,Lorient,45.5,Ligue 1,0.01098901098901099,0.015384615384615384
492116,8121,Jordan Lefort,0.5,1.4,Angers,32.3,Ligue 1,0.015479876160990714,0.043343653250773995
504606,9847,Lucas Hernández,0.5,0.7,Paris Saint-Germain,72.1,Ligue 1,0.006934812760055479,0.00970873786407767
1791739,9829,Pape Cabral,0.5,0.1,Monaco,57.9,Ligue 1,0.008635578583765112,0.0017271157167530226
773189,9831,Tanguy Ndombélé,0.5,0.2,Nice,43.6,Ligue 1,0.01146788990825688,0.0045871559633027525
1244272,9746,Arouna Sangante,0.4,0.8,Le Havre,38.4,Ligue 1,0.010416666666666668,0.020833333333333336
1523209,8550,Ibou Sané,0.4,0.7,Metz,34.9,Ligue 1,0.011461318051575933,0.020057306590257878
1168520,9830,Mayckel Lahdo,0.4,0.1,Nantes,36.5,Ligue 1,0.010958904109589041,0.0027397260273972603
281020,6379,Nouha Dicko,0.4,0.0,Paris FC,45.0,Ligue 1,0.008888888888888889,0.0
1186553,8639,Alexsandro Ribeiro,0.4,0.0,Lille,55.3,Ligue 1,0.007233273056057867,0.0
1303501,9830,Ali Yousef Musrati,0.4,0.2,Nantes,36.5,Ligue 1,0.010958904109589041,0.005479452054794521
1515220,9830,Amady Camara,0.4,0.1,Nantes,36.5,Ligue 1,0.010958904109589041,0.0027397260273972603
612747,9830,Frédéric Guilbert,0.4,0.3,Nantes,36.5,Ligue 1,0.010958904109589041,0.00821917808219178
1178332,9848,Ismaël Doukouré,0.4,0.5,Strasbourg,54.2,Ligue 1,0.007380073800738007,0.00922509225092251
683473,9830,Kelvin Amian,0.4,1.2,Nantes,36.5,Ligue 1,0.010958904109589041,0.03287671232876712
683476,6379,Mathieu Cafaro,0.4,0.3,Paris FC,45.0,Ligue 1,0.008888888888888889,0.006666666666666666
1739906,9748,Mathys de Carvalho,0.4,0.1,Lyon,53.5,Ligue 1,0.007476635514018692,0.001869158878504673
210389,8550,Maxime Colin,0.4,0.4,Metz,34.9,Ligue 1,0.011461318051575933,0.011461318051575933
1192854,8583,Naouirou Ahamada,0.4,0.4,Auxerre,36.0,Ligue 1,0.011111111111111112,0.011111111111111112
1351065,8689,Nathaniel Adjei,0.4,0.1,Lorient,45.5,Ligue 1,0.008791208791208791,0.002197802197802198
1814611,9847,Pierre Mounguengue,0.4,0.0,Paris Saint-Germain,72.1,Ligue 1,0.005547850208044384,0.0
1397857,8639,Tiago Santos,0.4,0.5,Lille,55.3,Ligue 1,0.007233273056057867,0.009041591320072333
1108603,9746,Timothée Pembélé,0.4,0.1,Le Havre,38.4,Ligue 1,0.010416666666666668,0.002604166666666667
693678,9829,Wout Faes,0.4,0.6,Monaco,57.9,Ligue 1,0.00690846286701209,0.010362694300518135
1523208,8550,Sadibou Sané,0.3,0.6,Metz,34.9,Ligue 1,0.008595988538681949,0.017191977077363897
1928651,8550,Jahyann Pandore,0.3,0.0,Metz,34.9,Ligue 1,0.008595988538681949,0.0
1327518,6379,Lohann Doucet,0.3,0.1,Paris FC,45.0,Ligue 1,0.006666666666666666,0.0022222222222222222
1598170,9848,Samir El Mourabet,0.3,2.4,Strasbourg,54.2,Ligue 1,0.005535055350553505,0.04428044280442804
1359613,9830,Abakar Sylla,0.3,0.0,Nantes,36.5,Ligue 1,0.00821917808219178,0.0
1839135,8550,Believe Munongo,0.3,0.2,Metz,34.9,Ligue 1,0.008595988538681949,0.005730659025787966
672469,9848,Ben Chilwell,0.3,1.0,Strasbourg,54.2,Ligue 1,0.005535055350553505,0.01845018450184502
192920,8550,Benjamin Stambouli,0.3,0.8,Metz,34.9,Ligue 1,0.008595988538681949,0.022922636103151865
1729841,8550,Brian Madjo,0.3,0.0,Metz,34.9,Ligue 1,0.008595988538681949,0.0
634110,8121,Carlens Arcus,0.3,1.5,Angers,32.3,Ligue 1,0.009287925696594427,0.04643962848297214
1406428,9829,Christian Mawissa,0.3,0.8,Monaco,57.9,Ligue 1,0.0051813471502590676,0.01381692573402418
38432,9831,Dante,0.3,0.3,Nice,43.6,Ligue 1,0.006880733944954128,0.006880733944954128
1321562,6379,Diego Coppola,0.3,0.2,Paris FC,45.0,Ligue 1,0.006666666666666666,0.0044444444444444444
812652,8592,Facundo Medina,0.3,0.7,Marseille,61.9,Ligue 1,0.004846526655896607,0.011308562197092083
214972,8592,Geoffrey Kondogbia,0.3,0.3,Marseille,61.9,Ligue 1,0.004846526655896607,0.004846526655896607
561869,8121,Haris Belkebla,0.3,0.6,Angers,32.3,Ligue 1,0.009287925696594427,0.018575851393188854
1436942,9848,Lucas Høgsberg,0.3,0.6,Strasbourg,54.2,Ligue 1,0.005535055350553505,0.01107011070110701
924485,9941,Mark McKenzie,0.3,1.0,Toulouse,43.7,Ligue 1,0.006864988558352402,0.02288329519450801
1609234,8550,Morgan Bokele,0.3,0.2,Metz,34.9,Ligue 1,0.008595988538681949,0.005730659025787966
592102,9748,Moussa Niakhaté,0.3,2.0,Lyon,53.5,Ligue 1,0.005607476635514018,0.037383177570093455
1487894,6379,Nhoa Sangui,0.3,1.1,Paris FC,45.0,Ligue 1,0.006666666666666666,0.024444444444444446
1412956,9829,Paris Brunner,0.3,0.0,Monaco,57.9,Ligue 1,0.0051813471502590676,0.0
210120,9748,Rachid Ghezzal,0.3,0.1,Lyon,53.5,Ligue 1,0.005607476635514018,0.001869158878504673
1282000,8521,Soumaïla Coulibaly,0.3,0.1,Brest,45.1,Ligue 1,0.006651884700665188,0.0022172949002217295
1800345,9830,Tylel Tati,0.3,0.2,Nantes,36.5,Ligue 1,0.00821917808219178,0.005479452054794521
1820043,8592,Ugo Lamare El Kadmiri,0.3,0.0,Marseille,61.9,Ligue 1,0.004846526655896607,0.0
1980586,8588,Mezian Soares,0.2,0.0,Lens,67.7,Ligue 1,0.0029542097488921715,0.0
1791729,9941,Seny Koumbassa,0.2,0.0,Toulouse,43.7,Ligue 1,0.004576659038901602,0.0
1254297,8588,Andy Diouf,0.2,0.0,Lens,67.7,Ligue 1,0.0029542097488921715,0.0
1843478,8592,Ange Lago,0.2,0.1,Marseille,61.9,Ligue 1,0.0032310177705977385,0.0016155088852988692
1573544,8588,Anthony Bermont,0.2,0.4,Lens,67.7,Ligue 1,0.0029542097488921715,0.005908419497784343
1387389,8592,Arthur Vermeeren,0.2,0.8,Marseille,61.9,Ligue 1,0.0032310177705977385,0.012924071082390954
1783428,9830,Bahmed Deuff,0.2,0.2,Nantes,36.5,Ligue 1,0.005479452054794521,0.005479452054794521
1700518,9831,Bernard Nguene,0.2,0.0,Nice,43.6,Ligue 1,0.0045871559633027525,0.0
769525,9829,Caio Henrique,0.2,3.7,Monaco,57.9,Ligue 1,0.003454231433506045,0.06390328151986184
952057,9831,Charles Vanhoutte,0.2,0.9,Nice,43.6,Ligue 1,0.0045871559633027525,0.020642201834862386
1388678,8583,Clément Akpa,0.2,0.8,Auxerre,36.0,Ligue 1,0.005555555555555556,0.022222222222222223
883823,8583,Elisha Owusu,0.2,0.6,Auxerre,36.0,Ligue 1,0.005555555555555556,0.016666666666666666
1338390,9748,Ernest Nuamah,0.2,0.2,Lyon,53.5,Ligue 1,0.003738317757009346,0.003738317757009346
1696775,9831,Everton,0.2,0.1,Nice,43.6,Ligue 1,0.0045871559633027525,0.0022935779816513763
800520,8550,Fodé Ballo,0.2,1.0,Metz,34.9,Ligue 1,0.005730659025787966,0.02865329512893983
426892,6379,Hamari Traoré,0.2,0.6,Paris FC,45.0,Ligue 1,0.0044444444444444444,0.013333333333333332
1581744,8521,Hamidou Makalou,0.2,0.4,Brest,45.1,Ligue 1,0.004434589800443459,0.008869179600886918
660327,9830,Ibrahima Sissoko,0.2,0.5,Nantes,36.5,Ligue 1,0.005479452054794521,0.0136986301369863
1113694,8592,Jonathan Rowe,0.2,0.0,Marseille,61.9,Ligue 1,0.0032310177705977385,0.0
279461,8521,Kenny Lala,0.2,4.0,Brest,45.1,Ligue 1,0.004434589800443459,0.08869179600886917
1276685,8583,Lasso Coulibaly,0.2,0.4,Auxerre,36.0,Ligue 1,0.005555555555555556,0.011111111111111112
1137106,9746,Lucas Gourna-Douath,0.2,0.4,Le Havre,38.4,Ligue 1,0.005208333333333334,0.010416666666666668
1581053,9848,Mathis Amougou,0.2,0.2,Strasbourg,54.2,Ligue 1,0.0036900369003690036,0.0036900369003690036
765693,9748,Orel Mangala,0.2,0.2,Lyon,53.5,Ligue 1,0.003738317757009346,0.003738317757009346
1526822,9848,Rafael Luís,0.2,0.8,Strasbourg,54.2,Ligue 1,0.0036900369003690036,0.014760147601476014
1699556,8521,Raphaël Le Guen,0.2,0.0,Brest,45.1,Ligue 1,0.004434589800443459,0.0
1089922,9746,Reda Khadra,0.2,0.8,Le Havre,38.4,Ligue 1,0.005208333333333334,0.020833333333333336
784448,6379,Thibault De Smet,0.2,0.6,Paris FC,45.0,Ligue 1,0.0044444444444444444,0.013333333333333332
1975804,9848,Yaya Dieme,0.2,0.0,Strasbourg,54.2,Ligue 1,0.0036900369003690036,0.0
688830,8588,Amadou Haidara,0.1,0.3,Lens,67.7,Ligue 1,0.0014771048744460858,0.0044313146233382564
1079539,9848,Dilane Bakwa,0.1,0.8,Strasbourg,54.2,Ligue 1,0.0018450184501845018,0.014760147601476014
1355526,9848,Maxi Oyedele,0.1,0.1,Strasbourg,54.2,Ligue 1,0.0018450184501845018,0.0018450184501845018
1667650,9746,Noam Jacquet,0.1,0.0,Le Havre,38.4,Ligue 1,0.002604166666666667,0.0
1804654,9851,Nordan Mukiele,0.1,0.0,Rennes,54.0,Ligue 1,0.001851851851851852,0.0
1729826,9746,Stephan Zagadou,0.1,0.0,Le Havre,38.4,Ligue 1,0.002604166666666667,0.0
1066264,9941,Abu Francis,0.1,0.2,Toulouse,43.7,Ligue 1,0.002288329519450801,0.004576659038901602
1853988,9748,Adil Hamdani,0.1,0.0,Lyon,53.5,Ligue 1,0.001869158878504673,0.0
1695681,9829,Aladji Bamba,0.1,1.5,Monaco,57.9,Ligue 1,0.0017271157167530226,0.02590673575129534
1177779,9851,Alidu Seidu,0.1,0.9,Rennes,54.0,Ligue 1,0.001851851851851852,0.016666666666666666
167035,9830,Anthony Lopes,0.1,0.0,Nantes,36.5,Ligue 1,0.0027397260273972603,0.0
612212,8583,Assane Dioussé,0.1,0.3,Auxerre,36.0,Ligue 1,0.002777777777777778,0.008333333333333333
1388070,9831,Badredine Bouanani,0.1,0.3,Nice,43.6,Ligue 1,0.0022935779816513763,0.006880733944954128
1285784,8521,Bradley Locko,0.1,1.2,Brest,45.1,Ligue 1,0.0022172949002217295,0.02660753880266075
622137,8639,Calvin Verdonk,0.1,0.9,Lille,55.3,Ligue 1,0.0018083182640144667,0.0162748643761302
266105,9748,Clinton Mata,0.1,0.8,Lyon,53.5,Ligue 1,0.001869158878504673,0.014953271028037384
1487966,8121,Dan Sinaté,0.1,0.0,Angers,32.3,Ligue 1,0.003095975232198143,0.0
1641041,8592,Darryl Bakola,0.1,0.0,Marseille,61.9,Ligue 1,0.0016155088852988692,0.0
1858591,9851,Elías Legendre,0.1,0.3,Rennes,54.0,Ligue 1,0.001851851851851852,0.005555555555555556
1393439,9829,Eliesse Ben Seghir,0.1,0.0,Monaco,57.9,Ligue 1,0.0017271157167530226,0.0
1428420,8121,Emmanuel Biumla,0.1,0.0,Angers,32.3,Ligue 1,0.003095975232198143,0.0
1816726,9746,Enzo Koffi,0.1,0.4,Le Havre,38.4,Ligue 1,0.002604166666666667,0.010416666666666668
159594,9830,Francis Coquelin,0.1,0.2,Nantes,36.5,Ligue 1,0.0027397260273972603,0.005479452054794521
1668294,9831,Gabin Bernardeau,0.1,0.2,Nice,43.6,Ligue 1,0.0022935779816513763,0.0045871559633027525
1085809,9830,Hyeok-Kyu Kwon,0.1,0.1,Nantes,36.5,Ligue 1,0.0027397260273972603,0.0027397260273972603
1532261,8550,Idrissa Gueye,0.1,0.0,Metz,34.9,Ligue 1,0.002865329512893983,0.0
1751857,9941,Ilyas Azizi,0.1,0.0,Toulouse,43.7,Ligue 1,0.002288329519450801,0.0
1664722,9941,Jaydee Canvot,0.1,0.0,Toulouse,43.7,Ligue 1,0.002288329519450801,0.0
513072,8588,Jonathan Gradit,0.1,0.2,Lens,67.7,Ligue 1,0.0014771048744460858,0.0029542097488921715
1685514,8588,Kyllian Antonio,0.1,0.1,Lens,67.7,Ligue 1,0.0014771048744460858,0.0014771048744460858
1473606,8550,Malick Mbaye,0.1,0.2,Metz,34.9,Ligue 1,0.002865329512893983,0.005730659025787966
1426170,9848,Mamadou Sarr,0.1,0.1,Strasbourg,54.2,Ligue 1,0.0018450184501845018,0.0018450184501845018
1514645,8121,Marius Courcoul,0.1,0.1,Angers,32.3,Ligue 1,0.003095975232198143,0.003095975232198143
267365,9847,Marquinhos,0.1,0.5,Paris Saint-Germain,72.1,Ligue 1,0.001386962552011096,0.006934812760055479
664226,9831,Pablo Rosario,0.1,0.0,Nice,43.6,Ligue 1,0.0022935779816513763,0.0
248453,9829,Paul Pogba,0.1,0.1,Monaco,57.9,Ligue 1,0.0017271157167530226,0.0017271157167530226
1676711,8521,Saliou Diop,0.1,0.0,Brest,45.1,Ligue 1,0.0022172949002217295,0.0
1814264,8592,Tadjidine Mmadi,0.1,0.0,Marseille,61.9,Ligue 1,0.0016155088852988692,0.0
1744576,8583,Telli Siwe,0.1,0.0,Auxerre,36.0,Ligue 1,0.002777777777777778,0.0
267000,9746,Thomas Delaine,0.1,0.3,Le Havre,38.4,Ligue 1,0.002604166666666667,0.0078125
150869,6379,Timothée Kolodziejczak,0.1,0.1,Paris FC,45.0,Ligue 1,0.0022222222222222222,0.0022222222222222222
965666,6379,Tuomas Ollila,0.1,0.8,Paris FC,45.0,Ligue 1,0.0022222222222222222,0.017777777777777778
520979,8592,Ulisses Garcia,0.1,0.0,Marseille,61.9,Ligue 1,0.0016155088852988692,0.0
1469819,8550,Urie-Michel Mboula,0.1,0.3,Metz,34.9,Ligue 1,0.002865329512893983,0.008595988538681949
1207992,9829,Vanderson,0.1,1.6,Monaco,57.9,Ligue 1,0.0017271157167530226,0.02763385146804836
1178331,9830,Yassine Benhattab,0.1,0.8,Nantes,36.5,Ligue 1,0.0027397260273972603,0.021917808219178082
320672,9746,Younes Namli,0.1,0.6,Le Havre,38.4,Ligue 1,0.002604166666666667,0.015625
210400,8121,Abdoulaye Bamba,0.0,0.0,Angers,32.3,Ligue 1,0.0,0.0
352879,8592,Adrien Rabiot,0.0,0.5,Marseille,61.9,Ligue 1,0.0,0.008077544426494346
418137,8588,Arthur Masuaku,0.0,0.1,Lens,67.7,Ligue 1,0.0,0.0014771048744460858
1161211,9851,Fabian Rieder,0.0,0.0,Rennes,54.0,Ligue 1,0.0,0.0
210423,8121,Florent Hanin,0.0,0.6,Angers,32.3,Ligue 1,0.0,0.018575851393188854
245555,8592,Gerónimo Rulli,0.0,0.0,Marseille,61.9,Ligue 1,0.0,0.0
771630,8583,Gideon Mensah,0.0,1.5,Auxerre,36.0,Ligue 1,0.0,0.041666666666666664
1387741,9851,Ibrahim Salah,0.0,0.0,Rennes,54.0,Ligue 1,0.0,0.0
1966243,9848,Idrissa Sabaly,0.0,0.0,Strasbourg,54.2,Ligue 1,0.0,0.0
1668289,8521,Justin Bourgault,0.0,0.0,Brest,45.1,Ligue 1,0.0,0.0
1457823,8121,Justin Kalumba,0.0,0.4,Angers,32.3,Ligue 1,0.0,0.012383900928792572
1592417,8521,Luck Zogbé,0.0,0.3,Brest,45.1,Ligue 1,0.0,0.006651884700665188
1657810,8588,Nidal Celik,0.0,0.1,Lens,67.7,Ligue 1,0.0,0.0014771048744460858
1698484,8592,Nouhoum Kamissoko,0.0,0.0,Marseille,61.9,Ligue 1,0.0,0.0
1609064,9848,Rabby Nzingoula,0.0,0.0,Strasbourg,54.2,Ligue 1,0.0,0.0
1327298,9748,Saël Kumbedi,0.0,0.0,Lyon,53.5,Ligue 1,0.0,0.0
1074642,9831,Salis Abdul Samed,0.0,0.1,Nice,43.6,Ligue 1,0.0,0.0022935779816513763
1685496,9830,Sékou Doucouré,0.0,0.0,Nantes,36.5,Ligue 1,0.0,0.0
